"ID","Item","Company","Quantity","Target FG Warehouse","With Operations","Item Code (Items)","Qty (Items)","UOM (Items)","Conversion Factor (Items)","Source Warehouse (Items)","Item operation (Items)","Stock UOM (Items)","Operation (Operations)","Operation Time (Operations)","Workstation (Operations)","Workstation Type (Operations)"
"BOM-R215 Top Cover Assembly-001","R215 Top Cover Assembly","Teksons Pvt Ltd",1.0,"WIP-Ralu Weld - TPL",1,"R215 Top Cover Assembly",1.0,"Nos",1.0,"BOF Stores - TPL","Painting","Nos","Painting",1.0,"","RA Painting"
"BOM-R215 Ms Plate-2 (144X22X1.5)-001","R215 Ms Plate-2 (144X22X1.5)","Teksons Pvt Ltd",1.0,"WIP-Ralu Weld - TPL",1,"MS - 1.5 MM Thk",0.037,"Kg",1.0,"Raw Material Stores - TPL","Shearing","Kg","Shearing",1.0,"","Shearing Machine"
"","","","","","","HEX Nut M8*1.25P",1.0,"Nos",1.0,"BOF Stores - TPL","Shearing","Nos","Punching",1.0,"","Corner Cutting, Punching, Folding and Blanking"
"BOM-R215 Ms Plate-1(102X22X1.5)-001","R215 Ms Plate-1(102X22X1.5)","Teksons Pvt Ltd",1.0,"WIP-Ralu Weld - TPL",1,"MS - 1.5MM Thk",0.026,"Kg",1.0,"Raw Material Stores - TPL","Shearing","Kg","Shearing",1.0,"","Shearing Machine"
"","","","","","","HEX Nut M8*1.25P",1.0,"Nos",1.0,"BOF Stores - TPL","Shearing","Nos","Punching",1.0,"","Corner Cutting, Punching, Folding and Blanking"
"BOM-Tank End Plate 97*62*5-001","Tank End Plate 97*62*5","Teksons Pvt Ltd",6.0,"WIP-Ralu Weld - TPL",1,"Tank End Plate 70*5*595",1.0,"Nos",1.0,"Raw Material Stores - TPL","Blanking","Nos","Blanking",1.0,"","Corner Cutting, Punching, Folding and Blanking"
"BOM-R215 Bottom Cover Assembly-001","R215 Bottom Cover Assembly","Teksons Pvt Ltd",1.0,"WIP-RA - TPL",1,"R215 Bottom Cover Assembly",1.0,"Nos",1.0,"Raw Material Stores - TPL","Painting","Nos","Painting",1.0,"","RA Painting"
"BOM-R215 Bottom Flyscreen Assembly-001","R215 Bottom Flyscreen Assembly","Teksons Pvt Ltd",1.0,"WIP-RA - TPL",1,"R215 Bottom Flyscreen Wire Mash 903X475",1.0,"Nos",1.0,"WIP-RA - TPL","Assembly","Nos","Assembly",1.0,"","RA Assembly"
"","","","","","","U Piece Angle-1 for Flyscreen - 910(L)*15(W)*7(T)",2.0,"Nos",1.0,"BOF Stores - TPL","Assembly","Nos","Painting",1.0,"","RA Painting"
"","","","","","","U Piece Angle-2 for Flyscreen - 529(W)*15(H)*7(T)",2.0,"Nos",1.0,"BOF Stores - TPL","Assembly","Nos","","","",""
"","","","","","","R215 Bottom Flyscreen Center Plate 453X10X2",2.0,"Nos",1.0,"WIP-RA - TPL","Assembly","Nos","","","",""
"","","","","","","R215 Top and Bottom Flyscreen Mounting Plate 35X30X2",4.0,"Nos",1.0,"WIP-RA - TPL","Assembly","Nos","","","",""
"BOM-R215 Bottom Flyscreen Center Plate 453X10X2-001","R215 Bottom Flyscreen Center Plate 453X10X2","Teksons Pvt Ltd",1.0,"WIP-RA - TPL",1,"MS - 2MM Thk",0.071,"Kg",1.0,"Raw Material Stores - TPL","Shearing","Kg","Shearing",1.0,"","Shearing Machine"
"BOM-R215 Bottom Flyscreen Wire Mash 903X475-001","R215 Bottom Flyscreen Wire Mash 903X475","Teksons Pvt Ltd",1.0,"WIP-RA - TPL",1,"MS",0.282,"Kg",1.0,"Raw Material Stores - TPL","Rolling & Cutting","Kg","Rolling & Cutting",1.0,"","Manual Rolling and Cutting"
"BOM-R215 CAC Core End Plate 2.5X110X941-001","R215 CAC Core End Plate 2.5X110X941","Teksons Pvt Ltd",1.0,"WIP-Ralu In - TPL",1,"Aluminium Sheet 2.5MM Thk Without Cladded",0.706,"Kg",1.0,"Raw Material Stores - TPL","Shearing","Kg","Shearing",1.0,"","Shearing Machine"
"BOM-R215 CAC Core End Plate 5X140X941-001","R215 CAC Core End Plate 5X140X941","Teksons Pvt Ltd",1.0,"WIP-Ralu In - TPL",1,"R215 CAC Core End Plate 5X165X941",1.0,"Nos",1.0,"WIP-Ralu In - TPL","Folding","Nos","Folding",1.0,"","Folding"
"","","","","","","","","","","","","","Sr. No. Punching",1.0,"","Sr. No. Punching"
"BOM-R215 CAC Core End Plate 5X165X941-001","R215 CAC Core End Plate 5X165X941","Teksons Pvt Ltd",1.0,"WIP-Ralu In - TPL",1,"Aluminium Sheet 5MM Thk",2.12,"Kg",1.0,"Raw Material Stores - TPL","Shearing","Kg","Shearing",1.0,"","Shearing Machine"
"BOM-R215 CAC Inlet and Outlet Pipe-001","R215 CAC Inlet and Outlet Pipe","Teksons Pvt Ltd",1.0,"WIP-Ralu Weld - TPL",1,"Aluminium Pipe ⌀ 76.0*3MM Thk",0.253,"Kg",1.0,"Raw Material Stores - TPL","Pipe Cutting","Kg","Pipe Cutting",1.0,"","Weld_Manual Cutting"
"BOM-R215 CAC Top and Bottom Tank 110x113x7.5x186LG-001","R215 CAC Top and Bottom Tank 110x113x7.5x186LG","Teksons Pvt Ltd",1.0,"WIP-Ralu Weld - TPL",1,"Aluminium Extrusion No 0239C-ALU-2-0001 110(H)*113(W)*7.5(T)*186Kg",1.81,"Kg",1.0,"Raw Material Stores - TPL","Size Cutting","Kg","Size Cutting",1.0,"","Accurate Cutting"
"BOM-R215 CAC Top Tank-001","R215 CAC Top Tank","Teksons Pvt Ltd",1.0,"WIP-Ralu Weld - TPL",1,"R215 CAC Top and Bottom Tank 110x113x7.5x186LG",1.0,"Nos",1.0,"WIP-CNC - TPL","Drilling & Boring","Nos","Drilling & Boring",1.0,"","Drilling, Boring and Milling"
"","","","","","","Helicoil Insert M10 X 1.5 X 15 Mm",4.0,"Nos",1.0,"BOF Stores - TPL","Helicoil Insert","Nos","Helicoil Insert",1.0,"","Helicoil & Tapping"
"BOM-R215 CAC Top Tank Sub Assy-001","R215 CAC Top Tank Sub Assy","Teksons Pvt Ltd",1.0,"WIP-Ralu Weld - TPL",1,"Tank End Plate 101.5*96*5 for Extrusion No 0239C-ALU-2-0001",2.0,"Nos",1.0,"WIP-RP - TPL","Tank Assembly","Nos","Tank Assembly",1.0,"","Mig Welding"
"","","","","","","R215 CAC Inlet and Outlet Pipe",1.0,"Nos",1.0,"WIP-Ralu Weld - TPL","Tank Assembly","Nos","","","",""
"","","","","","","R215 CAC Top Tank",1.0,"Nos",1.0,"WIP-Ralu Weld - TPL","Tank Assembly","Nos","","","",""
"BOM-Condenser Mounting Block 31X19X25-001","Condenser Mounting Block 31X19X25","Teksons Pvt Ltd",1.0,"WIP-Ralu Weld - TPL",1,"Aluminium Extrusion No 0.0318C-ALU-2-0033 (31*19*25)",0.393,"Kg",1.0,"Raw Material Stores - TPL","Size Cutting","Kg","Size Cutting",1.0,"","Accurate Cutting"
"","","","","","","Helicoil Insert M8 X 1.25 X 16Mm (2 D)",1.0,"Nos",1.0,"BOF Stores - TPL","Helicoil Insert","Nos","Drilling & Boring",1.0,"","Drilling, Boring and Milling"
"","","","","","","","","","","","","","Helicoil Insert",1.0,"","Helicoil & Tapping"
"BOM-R215 CAC Core-001","R215 CAC Core","Teksons Pvt Ltd",1.0,"WIP-Ralu Weld - TPL",1,"R215 CAC Core End Plate 2.5X110X941",1.0,"Nos",1.0,"WIP-W - TPL","Core Assembly","Nos","Core Assembly",1.0,"","Core Fixing"
"","","","","","","R215 CAC Core End Plate 5X140X941",1.0,"Nos",1.0,"WIP-W - TPL","Core Assembly","Nos","Core Brazing",1.0,"","Brazing Furnace"
"","","","","","","R215 External Fin For CAC 0.2*110*911",6.0,"Nos",1.0,"WIP-Ralu In - TPL","Core Assembly","Nos","","","",""
"","","","","","","R215 External Fin For CAC 0.3*110*911",4.0,"Nos",1.0,"WIP-Ralu In - TPL","Core Assembly","Nos","","","",""
"","","","","","","Internal Fin For CAC 0.2*140*90",9.0,"Nos",1.0,"WIP-Ralu In - TPL","Core Assembly","Nos","","","",""
"","","","","","","Internal Fin For CAC 0.2*200*90",36.0,"Nos",1.0,"WIP-Ralu In - TPL","Core Assembly","Nos","","","",""
"","","","","","","Spacer Bar 9.5×15×110",20.0,"Nos",1.0,"WIP-Ralu In - TPL","Core Assembly","Nos","","","",""
"","","","","","","R215 Spacer Bar for CAC 8*10*941",18.0,"Nos",1.0,"WIP-Ralu In - TPL","Core Assembly","Nos","","","",""
"","","","","","","R215 Tube Sheet For CAC 0.6*110*941",20.0,"Nos",1.0,"WIP-Ralu In - TPL","Core Assembly","Nos","","","",""
"BOM-R215 OC Core-001","R215 OC Core","Teksons Pvt Ltd",1.0,"WIP-Ralu Weld - TPL",1,"R215 OC and RAD Core End Plate2.5X110X1021",1.0,"Nos",1.0,"WIP-W - TPL","Core Assembly","Nos","Core Assembly",1.0,"","Core Fixing"
"","","","","","","Extruded Bar for OC and RAD 3*7*1021",78.0,"Nos",1.0,"WIP-Ralu In - TPL","Core Assembly","Nos","Core Brazing",1.0,"","Brazing Furnace"
"","","","","","","R215 Fin For OC 0.3*110*991",27.0,"Nos",1.0,"WIP-Ralu In - TPL","Core Assembly","Nos","","","",""
"","","","","","","R215 OC Core End Plate 5X140X1021",1.0,"Nos",1.0,"WIP-RP - TPL","Core Assembly","Nos","","","",""
"","","","","","","Spacer Bar 9.5×15×110",54.0,"Nos",1.0,"WIP-Ralu In - TPL","Core Assembly","Nos","","","",""
"","","","","","","R215 OC Tube Sheet 0.7*110*1021",54.0,"Nos",1.0,"WIP-Ralu In - TPL","Core Assembly","Nos","","","",""
"","","","","","","Turbulator 0.3*250*44.5",26.0,"Nos",1.0,"WIP-Ralu In - TPL","Core Assembly","Nos","","","",""
"","","","","","","Turbulator 0.3*300*44.5",156.0,"Nos",1.0,"WIP-Ralu In - TPL","Core Assembly","Nos","","","",""
"BOM-R215 RAD Core-001","R215 RAD Core","Teksons Pvt Ltd",1.0,"WIP-Ralu Weld - TPL",1,"R215 RAD Core End Plate2.5X110X1021",2.0,"Nos",1.0,"WIP-RP - TPL","Core Assembly","Nos","Core Assembly",1.0,"","Core Fixing"
"","","","","","","Extruded Bar for OC and RAD 3*7*1021",48.0,"Nos",1.0,"WIP-Ralu In - TPL","Core Assembly","Nos","Core Brazing",1.0,"","Brazing Furnace"
"","","","","","","R215 Fin For OC 0.3*110*991",6.0,"Nos",1.0,"WIP-Ralu In - TPL","Core Assembly","Nos","","","",""
"","","","","","","R215 Fin For RAD 0.2*110*991",19.0,"Nos",1.0,"WIP-Ralu In - TPL","Core Assembly","Nos","","","",""
"","","","","","","Spacer Bar 9.5×15×110",50.0,"Nos",1.0,"WIP-Ralu In - TPL","Core Assembly","Nos","","","",""
"","","","","","","R215 RAD Tube Sheet 0.6*110*1021",50.0,"Nos",1.0,"WIP-Ralu In - TPL","Core Assembly","Nos","","","",""
"","","","","","","Turbulator 0.2*250*96.0",12.0,"Nos",1.0,"WIP-Ralu In - TPL","Core Assembly","Nos","","","",""
"","","","","","","Turbulator 0.2*300*96.0",72.0,"Nos",1.0,"WIP-Ralu In - TPL","Core Assembly","Nos","","","",""
"BOM-R215 External Fin For CAC 0.2*110*911-001","R215 External Fin For CAC 0.2*110*911","Teksons Pvt Ltd",1.0,"WIP-Ralu In - TPL",1,"Aluminium Coil 0.2*110",0.215,"Kg",1.0,"Raw Material Stores - TPL","Fin Forming","Kg","Fin Forming",1.0,"","Fin Forming and Cutting"
"BOM-R215 External Fin For CAC 0.3*110*911-001","R215 External Fin For CAC 0.3*110*911","Teksons Pvt Ltd",1.0,"WIP-Ralu In - TPL",1,"Aluminium Coil 0.3*110MM",0.322,"Kg",1.0,"Raw Material Stores - TPL","Fin Forming","Kg","Fin Forming",1.0,"","Fin Forming and Cutting"
"BOM-Extruded Bar for OC and RAD 3*7*1021-001","Extruded Bar for OC and RAD 3*7*1021","Teksons Pvt Ltd",1.0,"WIP-Ralu In - TPL",1,"Aluminium Extruded Bar (ALU-STD-0043)(3*7)",0.059,"Kg",1.0,"Raw Material Stores - TPL","Bar Cutting","Kg","Bar Cutting",1.0,"","Aluminium Bar Cutting"
"BOM-R215 Fan Cowl-001","R215 Fan Cowl","Teksons Pvt Ltd",1.0,"WIP-Ralu Weld - TPL",1,"R215 Fan Cowl",1.0,"Nos",1.0,"BOF Stores - TPL","Painting","Nos","Painting",1.0,"","RA Painting"
"BOM-R215 Fin For OC 0.3*110*991-001","R215 Fin For OC 0.3*110*991","Teksons Pvt Ltd",1.0,"WIP-Ralu In - TPL",1,"Aluminium Coil 0.3*110MM",0.35,"Kg",1.0,"Raw Material Stores - TPL","Fin Forming","Kg","Fin Forming",1.0,"","Fin Forming and Cutting"
"BOM-R215 Fin For RAD 0.2*110*991-001","R215 Fin For RAD 0.2*110*991","Teksons Pvt Ltd",1.0,"WIP-Ralu In - TPL",1,"Aluminium Coil 0.2*110",0.231,"Kg",1.0,"Raw Material Stores - TPL","Fin Forming","Kg","Fin Forming",1.0,"","Fin Forming and Cutting"
"BOM-Internal Fin For CAC 0.2*140*90-001","Internal Fin For CAC 0.2*140*90","Teksons Pvt Ltd",1.0,"WIP-Ralu In - TPL",1,"Aluminium Coil 0.2×140",0.023,"Kg",1.0,"Raw Material Stores - TPL","Fin Forming","Kg","Fin Forming",1.0,"","Fin Forming and Cutting"
"BOM-Internal Fin For CAC 0.2*200*90-001","Internal Fin For CAC 0.2*200*90","Teksons Pvt Ltd",1.0,"WIP-Ralu In - TPL",1,"Aluminium Coil 0.2×200MM",0.033,"Kg",1.0,"Raw Material Stores - TPL","Fin Forming","Kg","Fin Forming",1.0,"","Fin Forming and Cutting"
"BOM-R215 LH – RH Condenser MTG BKT-001","R215 LH – RH Condenser MTG BKT","Teksons Pvt Ltd",1.0,"WIP-Ralu Weld - TPL",1,"R215 LH – RH Condenser MTG BKT",1.0,"Set",1.0,"BOF Stores - TPL","Painting","Set","Painting",1.0,"","RA Painting"
"BOM-R215 OC Bottom Tank Sub Assy-001","R215 OC Bottom Tank Sub Assy","Teksons Pvt Ltd",1.0,"WIP-Ralu Weld - TPL",1,"R215 OC Bottom Tank",1.0,"Nos",1.0,"WIP-Ralu Weld - TPL","Tank Assembly","Nos","Tank Assembly",1.0,"","Mig Welding"
"","","","","","","0261Oc-Alu-2-004",1.0,"Nos",1.0,"BOF Stores - TPL","Tank Assembly","Nos","","","",""
"","","","","","","Tank End Plate 96*62*8 For Extrusion No 0073C-ALU-2-0008",2.0,"Nos",1.0,"WIP-RP - TPL","Tank Assembly","Nos","","","",""
"BOM-R215 OC Core End Plate 5X165X1021-001","R215 OC Core End Plate 5X165X1021","Teksons Pvt Ltd",1.0,"WIP-RP - TPL",1,"Aluminium Sheet 5MM Thk",2.3,"Kg",1.0,"Raw Material Stores - TPL","Shearing","Kg","Shearing",1.0,"","Shearing Machine"
"BOM-R215 OC Top & Bottom Tank 70x113x7.5x377LG-001","R215 OC Top & Bottom Tank 70x113x7.5x377LG","Teksons Pvt Ltd",1.0,"WIP-Ralu Weld - TPL",1,"Aluminium Extrusion No 0073C-ALU-2-0008 70(H)*113(W)*7.5(T)*377LG",3.11,"Kg",1.0,"Raw Material Stores - TPL","Size Cutting","Kg","Size Cutting",1.0,"","Accurate Cutting"
"","","","","","","","","","","","","","Drilling & Boring",1.0,"","Drilling, Boring and Milling"
"BOM-R215 OC Top Tank Sub Assy-001","R215 OC Top Tank Sub Assy","Teksons Pvt Ltd",1.0,"WIP-Ralu Weld - TPL",1,"Tank End Plate 96*62*8 For Extrusion No 0073C-ALU-2-0008",2.0,"Nos",1.0,"WIP-RP - TPL","Tank Assembly","Nos","Tank Assembly",1.0,"","Mig Welding"
"","","","","","","R215 OC Top Tank",1.0,"Nos",1.0,"WIP-Ralu Weld - TPL","Tank Assembly","Nos","","","",""
"BOM-R215 OC-001","R215 OC","Teksons Pvt Ltd",1.0,"WIP-Ralu Weld - TPL",1,"Drain Plug",1.0,"Nos",1.0,"BOF Stores - TPL","Tank To Core","Nos","Tank To Core",1.0,"","Mig Welding"
"","","","","","","R215 OC Core",1.0,"Nos",1.0,"WIP-Ralu Weld - TPL","Tank To Core","Nos","Angle Assembly",1.0,"","Mig Welding"
"","","","","","","Rubber Seal",1.0,"Nos",1.0,"BOF Stores - TPL","Tank To Core","Nos","Leak Testing",1.0,"","Leak Test"
"","","","","","","R215 OC Bottom Tank Sub Assy",1.0,"Nos",1.0,"WIP-Ralu Weld - TPL","Tank To Core","Nos","","","",""
"","","","","","","R215 OC Top Tank Sub Assy",1.0,"Nos",1.0,"WIP-Ralu Weld - TPL","Tank To Core","Nos","","","",""
"","","","","","","OC Inlet & Outlet Block 101X66X30",2.0,"Nos",1.0,"WIP-Ralu Weld - TPL","Tank To Core","Nos","","","",""
"","","","","","","Condenser Mounting Block 31X19X25",2.0,"Nos",1.0,"WIP-Ralu Weld - TPL","Tank To Core","Nos","","","",""
"","","","","","","Stay Block 50X25X150",1.0,"Nos",1.0,"WIP-Ralu Weld - TPL","Tank To Core","Nos","","","",""
"BOM-R215 OC and RAD Core End Plate2.5X110X1021-001","R215 OC and RAD Core End Plate2.5X110X1021","Teksons Pvt Ltd",1.0,"WIP-Ralu In - TPL",1,"Aluminium Sheet 2.5MM Thk Without Cladded",0.767,"Kg",1.0,"Raw Material Stores - TPL","Shearing","Kg","Shearing",1.0,"","Shearing Machine"
"BOM-R215 RAD Inlet and Outlet Pipe-001","R215 RAD Inlet and Outlet Pipe","Teksons Pvt Ltd",1.0,"WIP-Ralu Weld - TPL",1,"Aluminium Pipe 48.6*5MM Thk",0.18,"Kg",1.0,"Raw Material Stores - TPL","Cutting","Kg","Cutting",1.0,"","Weld_Manual Cutting"
"BOM-R215 RAD Top Tank-001","R215 RAD Top Tank","Teksons Pvt Ltd",1.0,"WIP-Ralu Weld - TPL",1,"Helicoil Insert M10 X 1.5 X 15 Mm",4.0,"Nos",1.0,"BOF Stores - TPL","Helicoil Insert","Nos","Helicoil Insert",1.0,"","Helicoil & Tapping"
"","","","","","","R215 RAD Top and Bottom Tank",1.0,"Nos",1.0,"WIP-CNC - TPL","Helicoil Insert","Nos","","","",""
"BOM-R215 RAD-001","R215 RAD","Teksons Pvt Ltd",1.0,"WIP-Ralu Weld - TPL",1,"R215 RAD Core",1.0,"Nos",1.0,"WIP-Ralu In - TPL","Tank To Core","Nos","Tank To Core",1.0,"","Mig Welding"
"","","","","","","Drain Plug",1.0,"Nos",1.0,"BOF Stores - TPL","Tank To Core","Nos","Angle Assembly",1.0,"","Mig Welding"
"","","","","","","R215 RAD Bottom Tank Sub Assy",1.0,"Nos",1.0,"WIP-Ralu Weld - TPL","Tank To Core","Nos","Leak Testing",1.0,"","Leak Test"
"","","","","","","R215 RAD Top Tank Sub Assy",1.0,"Nos",1.0,"WIP-Ralu Weld - TPL","Tank To Core","Nos","","","",""
"","","","","","","RAD Drain Bush",1.0,"Nos",1.0,"BOF Stores - TPL","Tank To Core","Nos","","","",""
"","","","","","","R215 Radiator Drain Pipe Od∅10 X 17 Lgx 3",1.0,"Nos",1.0,"WIP-Ralu Weld - TPL","Tank To Core","Nos","","","",""
"BOM-R215 Radiator Drain Pipe Od∅10 X 17 Lgx 3-001","R215 Radiator Drain Pipe Od∅10 X 17 Lgx 3","Teksons Pvt Ltd",1.0,"WIP-Ralu Weld - TPL",1,"Aluminium Pipe OD⌀10*ID⌀6*17L",1.0,"Nos",0.0023,"Raw Material Stores - TPL","Cutting","Kg","Cutting",1.0,"","Weld_Manual Cutting"
"BOM-R215 Spacer Bar for CAC 8*10*941-001","R215 Spacer Bar for CAC 8*10*941","Teksons Pvt Ltd",1.0,"WIP-Ralu In - TPL",1,"Aluminium Spacer Bar ALU-STD-0028 (8*10)",0.206,"Kg",1.0,"Raw Material Stores - TPL","Bar Cutting","Kg","Bar Cutting",1.0,"","Aluminium Bar Cutting"
"BOM-Stay Block 50X25X150-001","Stay Block 50X25X150","Teksons Pvt Ltd",1.0,"WIP-Ralu Weld - TPL",1,"Aluminium Extrusion No 0.0318C-ALU-2-0034 (50*25*150)",0.512,"Kg",1.0,"Raw Material Stores - TPL","Size Cutting","Kg","Size Cutting",1.0,"","Accurate Cutting"
"","","","","","","Helicoil Insert M 12 X 1.75 X 18Mm",1.0,"Nos",1.0,"BOF Stores - TPL","Helicoil Insert","Nos","Helicoil Insert",1.0,"","Helicoil & Tapping"
"BOM-Tank End Plate 110×5*595MM-001","Tank End Plate 110×5*595MM","Teksons Pvt Ltd",1.0,"WIP-RP - TPL",1,"Aluminium Plate 110*5*2250MM",0.894,"Kg",1.0,"Raw Material Stores - TPL","Size Cutting","Kg","Size Cutting",1.0,"","Accurate Cutting"
"BOM-Tank End Plate 101.5*96*5 for Extrusion No 0239C-ALU-2-0001-001","Tank End Plate 101.5*96*5 for Extrusion No 0239C-ALU-2-0001","Teksons Pvt Ltd",6.0,"WIP-Ralu Weld - TPL",1,"Tank End Plate 110×5*595MM",1.0,"Nos",1.0,"WIP-CNC - TPL","Blanking","Nos","Blanking",1.0,"","Corner Cutting, Punching, Folding and Blanking"
"BOM-Tank End Plate 96*62*8 For Extrusion No 0073C-ALU-2-0008-001","Tank End Plate 96*62*8 For Extrusion No 0073C-ALU-2-0008","Teksons Pvt Ltd",9.0,"WIP-Ralu Weld - TPL",1,"Aluminium Plate 70*8*800MM",1.223,"Kg",1.0,"Raw Material Stores - TPL","Blanking","Kg","Blanking",1.0,"","Corner Cutting, Punching, Folding and Blanking"
"BOM-R215 Top and Bottom Flyscreen Mounting Plate 35X30X2-001","R215 Top and Bottom Flyscreen Mounting Plate 35X30X2","Teksons Pvt Ltd",1.0,"WIP-RA - TPL",1,"MS - 2MM Thk",0.016,"Kg",1.0,"Raw Material Stores - TPL","Shearing","Kg","Shearing",1.0,"","Shearing Machine"
"","","","","","","","","","","","","","Punching",1.0,"","Corner Cutting, Punching, Folding and Blanking"
"BOM-R215 Top Flyscreen Assembly-001","R215 Top Flyscreen Assembly","Teksons Pvt Ltd",1.0,"WIP-Ralu Weld - TPL",1,"R215 Top Flyscreen Wire Mash 903X554",1.0,"Nos",1.0,"WIP-RP - TPL","Assembly","Nos","Assembly",1.0,"","RA Assembly"
"","","","","","","U Piece Angle-1 for Flyscreen - 910(L)*15(W)*7(T)",2.0,"Nos",1.0,"BOF Stores - TPL","Assembly","Nos","Painting",1.0,"","RA Painting"
"","","","","","","U Piece Angle-2 for Flyscreen - 529(W)*15(H)*7(T)",2.0,"Nos",1.0,"BOF Stores - TPL","Assembly","Nos","","","",""
"","","","","","","R215 Top and Bottom Flyscreen Mounting Plate 35X30X2",4.0,"Nos",1.0,"WIP-RP - TPL","Assembly","Nos","","","",""
"","","","","","","R215 Top Flyscreen Covering Plate 910X30X1",1.0,"Nos",1.0,"WIP-W - TPL","Assembly","Nos","","","",""
"BOM-R215 Top Flyscreen Center Plate 533X102-001","R215 Top Flyscreen Center Plate 533X102","Teksons Pvt Ltd",1.0,"WIP-RA - TPL",1,"MS - 2MM Thk",0.084,"Kg",1.0,"Raw Material Stores - TPL","Shearing","Kg","Shearing",1.0,"","Shearing Machine"
"BOM-R215 Top Flyscreen Covering Plate 910X30X1-001","R215 Top Flyscreen Covering Plate 910X30X1","Teksons Pvt Ltd",1.0,"WIP-RA - TPL",1,"MS - 1 MM Thk",0.214,"Kg",1.0,"Raw Material Stores - TPL","Shearing","Kg","Shearing",1.0,"","Shearing Machine"
"BOM-R215 Top Flyscreen Wire Mash 903X554-001","R215 Top Flyscreen Wire Mash 903X554","Teksons Pvt Ltd",1.0,"WIP-RA - TPL",1,"MS",0.33,"Kg",1.0,"Raw Material Stores - TPL","Rolling & Cutting","Kg","Rolling & Cutting",1.0,"","Manual Rolling and Cutting"
"BOM-R215 Tube Sheet For CAC 0.6*110*941-001","R215 Tube Sheet For CAC 0.6*110*941","Teksons Pvt Ltd",1.0,"WIP-Ralu In - TPL",1,"Aluminium Coil 0.6*110MM",0.17,"Kg",1.0,"Raw Material Stores - TPL","Tube Sheet Cutting","Kg","Tube Sheet Cutting",1.0,"","Cut To Length"
"BOM-R215 OC Tube Sheet 0.7*110*1021-001","R215 OC Tube Sheet 0.7*110*1021","Teksons Pvt Ltd",1.0,"WIP-Ralu In - TPL",1,"Aluminium Coil 0.7*110",0.215,"Kg",1.0,"Raw Material Stores - TPL","Tube Sheet Cutting","Kg","Tube Sheet Cutting",1.0,"","Cut To Length"
"BOM-R215 RAD Tube Sheet 0.6*110*1021-001","R215 RAD Tube Sheet 0.6*110*1021","Teksons Pvt Ltd",1.0,"WIP-Ralu In - TPL",1,"Aluminium Coil 0.6*110MM",0.184,"Kg",1.0,"Raw Material Stores - TPL","Tube Sheet Cutting","Kg","Tube Sheet Cutting",1.0,"","Cut To Length"
"BOM-Turbulator 0.3*300*44.5-001","Turbulator 0.3*300*44.5","Teksons Pvt Ltd",1.0,"WIP-Ralu In - TPL",1,"Aluminium Coil 0.3×300MM",0.018,"Kg",1.0,"Raw Material Stores - TPL","Turbu Forming","Kg","Turbu Forming",1.0,"","Turbulator Forming and Cutting"
"BOM-Turbulator 0.2*250*96.0-001","Turbulator 0.2*250*96.0","Teksons Pvt Ltd",1.0,"WIP-Ralu In - TPL",1,"Aluminium Coil 0.2×250 Thk",0.024,"Kg",1.0,"Raw Material Stores - TPL","Turbu Forming","Kg","Turbu Forming",1.0,"","Turbulator Forming and Cutting"
"BOM-Turbulator 0.2*300*96.0-001","Turbulator 0.2*300*96.0","Teksons Pvt Ltd",1.0,"WIP-Ralu In - TPL",1,"Aluminium Coil 0.2×300",0.029,"Kg",1.0,"Raw Material Stores - TPL","Turbu Forming","Kg","Turbu Forming",1.0,"","Turbulator Forming and Cutting"
"BOM-Spacer Bar 9.5×15×110-001","Spacer Bar 9.5×15×110","Teksons Pvt Ltd",1.0,"WIP-Ralu In - TPL",1,"Aluminium Spacer Bar ( ALU STD 0061 ) ( 9.5*15 )",0.043,"Kg",1.0,"Raw Material Stores - TPL","Bar Cutting","Kg","Bar Cutting",1.0,"","Aluminium Bar Cutting"
"BOM-R215 CAC-001","R215 CAC","Teksons Pvt Ltd",1.0,"WIP-Ralu Weld - TPL",1,"R215 CAC Core",1.0,"Nos",1.0,"WIP-Ralu In - TPL","Tank To Core","Nos","Tank To Core",1.0,"","Mig Welding"
"","","","","","","R215 CAC Top Tank Sub Assy",1.0,"Nos",1.0,"WIP-Ralu Weld - TPL","Tank To Core","Nos","Angle Assembly",1.0,"","Mig Welding"
"","","","","","","R215 CAC Bottom Tank Sub Assy",1.0,"Nos",1.0,"WIP-Ralu Weld - TPL","Tank To Core","Nos","Leak Testing",1.0,"","Leak Test"
"","","","","","","Stay Block 50X25X150",1.0,"Nos",1.0,"WIP-Ralu Weld - TPL","Tank To Core","Nos","","","",""
"","","","","","","Condenser Mounting Block 31X19X25",2.0,"Nos",1.0,"WIP-Ralu Weld - TPL","Tank To Core","Nos","","","",""
"BOM-R215 Combi Cooler-001","R215 Combi Cooler","Teksons Pvt Ltd",1.0,"Finish Goods Stores - TPL",1,"R215 CAC",1.0,"Nos",1.0,"WIP-Ralu Weld - TPL","Assembly","Nos","Final Assembly",1.0,"","Final Assembly"
"","","","","","","R215 Bottom Cover Assembly",1.0,"Nos",1.0,"WIP-RA - TPL","Assembly","Nos","PDI",1.0,"","PDI"
"","","","","","","R215 Bottom Flyscreen Assembly",1.0,"Nos",1.0,"WIP-RA - TPL","Assembly","Nos","","","",""
"","","","","","","Bottom Foam",2.0,"Nos",1.0,"BOF Stores - TPL","Assembly","Nos","","","",""
"","","","","","","C Clamp Spacer",12.0,"Nos",1.0,"BOF Stores - TPL","Assembly","Nos","","","",""
"","","","","","","Cage For M8 Sq Nut 182X50X0.5",8.0,"Nos",1.0,"WIP-RP - TPL","Assembly","Nos","","","",""
"","","","","","","EPDM Drain Hose",1.0,"Nos",1.0,"BOF Stores - TPL","Assembly","Nos","","","",""
"","","","","","","R215 Fan Cowl",1.0,"Nos",1.0,"WIP-RA - TPL","Assembly","Nos","","","",""
"","","","","","","R215 Finger Guard",1.0,"Nos",1.0,"BOF Stores - TPL","Assembly","Nos","","","",""
"","","","","","","Foam for CAC",2.0,"Nos",1.0,"BOF Stores - TPL","Assembly","Nos","","","",""
"","","","","","","Foam for gap B/W Cooler and F/C",2.0,"Nos",1.0,"BOF Stores - TPL","Assembly","Nos","","","",""
"","","","","","","Foam for OIL Cooler",2.0,"Nos",1.0,"BOF Stores - TPL","Assembly","Nos","","","",""
"","","","","","","HEX Head Bolt M8*1.25P*25LG",18.0,"Nos",1.0,"BOF Stores - TPL","Assembly","Nos","","","",""
"","","","","","","HEX Head Bolt M10*1.5P*30LG",28.0,"Nos",1.0,"BOF Stores - TPL","Assembly","Nos","","","",""
"","","","","","","Hose Clip",1.0,"Nos",1.0,"BOF Stores - TPL","Assembly","Nos","","","",""
"","","","","","","R215 LH – RH Condenser MTG BKT",1.0,"Pair",1.0,"WIP-RA - TPL","Assembly","Set","","","",""
"","","","","","","R215 Ms Plate-2 (144X22X1.5)",1.0,"Nos",1.0,"WIP-RP - TPL","Assembly","Nos","","","",""
"","","","","","","R215 Ms Plate-1(102X22X1.5)",1.0,"Nos",1.0,"WIP-RP - TPL","Assembly","Nos","","","",""
"","","","","","","M8 Nuts",2.0,"Nos",1.0,"BOF Stores - TPL","Assembly","Nos","","","",""
"","","","","","","R215 OC",1.0,"Nos",1.0,"WIP-Ralu Weld - TPL","Assembly","Nos","","","",""
"","","","","","","M10 Plain Washer",28.0,"Nos",1.0,"BOF Stores - TPL","Assembly","Nos","","","",""
"","","","","","","M8 Plain Washer",26.0,"Nos",1.0,"BOF Stores - TPL","Assembly","Nos","","","",""
"","","","","","","R215 RAD",1.0,"Nos",1.0,"WIP-Ralu Weld - TPL","Assembly","Nos","","","",""
"","","","","","","Rivets - 4.8 X 12.5",4.0,"Nos",1.0,"BOF Stores - TPL","Assembly","Nos","","","",""
"","","","","","","M10 Spring Washer",28.0,"Nos",1.0,"BOF Stores - TPL","Assembly","Nos","","","",""
"","","","","","","M8 Spring Washer",26.0,"Nos",1.0,"BOF Stores - TPL","Assembly","Nos","","","",""
"","","","","","","R215 Top Cover Assembly",1.0,"Nos",1.0,"WIP-RA - TPL","Assembly","Nos","","","",""
"","","","","","","R215 Top Flyscreen Assembly",1.0,"Nos",1.0,"WIP-RA - TPL","Assembly","Nos","","","",""
"","","","","","","Wing Bolt",8.0,"Nos",1.0,"BOF Stores - TPL","Assembly","Nos","","","",""
"","","","","","","Pressure Cap",1.0,"Nos",1.0,"BOF Stores - TPL","Assembly","Nos","","","",""
"","","","","","","Foam",1.0,"Set",1.0,"BOF Stores - TPL","Assembly","Set","","","",""
"","","","","","","Protective Cap for CAC",2.0,"Nos",1.0,"BOF Stores - TPL","Assembly","Nos","","","",""
"","","","","","","Protective cap for OC",2.0,"Nos",1.0,"BOF Stores - TPL","Assembly","Nos","","","",""
"","","","","","","Protective Cap for Radiator",2.0,"Nos",1.0,"BOF Stores - TPL","Assembly","Nos","","","",""
"","","","","","","Sticker (Warning)",1.0,"Nos",1.0,"BOF Stores - TPL","Assembly","Nos","","","",""
"","","","","","","Sticker (Part No)",1.0,"Nos",1.0,"BOF Stores - TPL","Assembly","Nos","","","",""
"","","","","","","Sticker (Serial No)",1.0,"Nos",1.0,"BOF Stores - TPL","Assembly","Nos","","","",""
"","","","","","","Nut Cover for Condenser Mounting 43*30.3*1",2.0,"Nos",1.0,"WIP-RP - TPL","Assembly","Nos","","","",""
"BOM-R215 CAC Bottom Tank-001","R215 CAC Bottom Tank","Teksons Pvt Ltd",1.0,"WIP-Ralu Weld - TPL",1,"R215 CAC Top and Bottom Tank 110x113x7.5x186LG",1.0,"Nos",1.0,"WIP-CNC - TPL","Drilling & Boring","Nos","Drilling & Boring",1.0,"","Drilling, Boring and Milling"
"","","","","","","Helicoil Insert M10 X 1.5 X 15 Mm",4.0,"Nos",1.0,"BOF Stores - TPL","Helicoil Insert","Nos","Helicoil Insert",1.0,"","Helicoil & Tapping"
"BOM-R215 CAC Bottom Tank Sub Assy-001","R215 CAC Bottom Tank Sub Assy","Teksons Pvt Ltd",1.0,"WIP-Ralu Weld - TPL",1,"R215 CAC Bottom Tank",1.0,"Nos",1.0,"WIP-Ralu Weld - TPL","Tank Assembly","Nos","Tank Assembly",1.0,"","Mig Welding"
"","","","","","","R215 CAC Inlet and Outlet Pipe",1.0,"Nos",1.0,"WIP-Ralu Weld - TPL","Tank Assembly","Nos","","","",""
"","","","","","","Tank End Plate 101.5*96*5 for Extrusion No 0239C-ALU-2-0001",2.0,"Nos",1.0,"WIP-RP - TPL","Tank Assembly","Nos","","","",""
"BOM-Cage For M8 Sq Nut 182X50X0.5-001","Cage For M8 Sq Nut 182X50X0.5","Teksons Pvt Ltd",1.0,"WIP-Ralu Weld - TPL",1,"GI - 0.5MM Thk",0.036,"Kg",1.0,"Raw Material Stores - TPL","Folding","Kg","Folding",1.0,"","Corner Cutting, Punching, Folding and Blanking"
"","","","","","","SQ Nut M8*1.25P",1.0,"Nos",1.0,"BOF Stores - TPL","Folding","Nos","","","",""
"BOM-Nut Cover for Condenser Mounting 43*30.3*1-001","Nut Cover for Condenser Mounting 43*30.3*1","Teksons Pvt Ltd",1.0,"WIP-Ralu Weld - TPL",1,"MS - 1 MM Thk",0.01,"Kg",1.0,"Raw Material Stores - TPL","Shearing","Kg","Shearing",1.0,"","Accurate Cutting"
"","","","","","","","","","","","","","Punching",1.0,"","Corner Cutting, Punching, Folding and Blanking"
"BOM-Turbulator 0.3*250*44.5-001","Turbulator 0.3*250*44.5","Teksons Pvt Ltd",1.0,"WIP-Ralu In - TPL",1,"Aluminium Coil 0.3×250MM",0.015,"Kg",1.0,"Raw Material Stores - TPL","Turbu Forming","Kg","Turbu Forming",1.0,"","Turbulator Forming and Cutting"
"BOM-R215 OC Core End Plate 5X140X1021-001","R215 OC Core End Plate 5X140X1021","Teksons Pvt Ltd",1.0,"WIP-RP - TPL",1,"R215 OC Core End Plate 5X165X1021",1.0,"Nos",1.0,"WIP-W - TPL","Folding","Nos","Folding",1.0,"","Corner Cutting, Punching, Folding and Blanking"
"","","","","","","","","","","","","","Sr. No. Punching",1.0,"","Sr. No. Punching"
"BOM-R215 RAD Core End Plate2.5X110X1021-001","R215 RAD Core End Plate2.5X110X1021","Teksons Pvt Ltd",1.0,"WIP-Ralu In - TPL",1,"R215 OC and RAD Core End Plate2.5X110X1021",1.0,"Nos",1.0,"WIP-W - TPL","Sr. No. Punching","Nos","Sr. No. Punching",1.0,"","Sr. No. Punching"
"BOM-R215 RAD Bottom Tank-001","R215 RAD Bottom Tank","Teksons Pvt Ltd",1.0,"WIP-Ralu Weld - TPL",1,"R215 RAD Top and Bottom Tank",1.0,"Nos",1.0,"WIP-CNC - TPL","Helicoil Insert","Nos","Helicoil Insert",1.0,"","Helicoil & Tapping"
"","","","","","","Helicoil Insert M10 X 1.5 X 15 Mm",4.0,"Nos",1.0,"BOF Stores - TPL","Helicoil Insert","Nos","","","",""
"BOM-R215 RAD Bottom Tank Sub Assy-001","R215 RAD Bottom Tank Sub Assy","Teksons Pvt Ltd",1.0,"WIP-Ralu Weld - TPL",1,"R215 RAD Bottom Tank",1.0,"Nos",1.0,"WIP-Ralu Weld - TPL","Tank Assembly","Nos","Tank Assembly",1.0,"","Mig Welding"
"","","","","","","R215 RAD Inlet and Outlet Pipe",1.0,"Nos",1.0,"WIP-Ralu Weld - TPL","Tank Assembly","Nos","","","",""
"","","","","","","Tank End Plate 97*62*5",2.0,"Nos",1.0,"WIP-RP - TPL","Tank Assembly","Nos","","","",""
"BOM-R215 RAD Top and Bottom Tank-001","R215 RAD Top and Bottom Tank","Teksons Pvt Ltd",1.0,"WIP-Ralu Weld - TPL",1,"Aluminium Extrusion No 0253OC-ALU-2-0005 70(H)*113(W)*7.5(T)*345LG",1.0,"Nos",2.45,"Raw Material Stores - TPL","Size Cutting","Kg","Size Cutting",1.0,"","Accurate Cutting"
"BOM-Spacer Bar 10x15x110-001","Spacer Bar 10x15x110","Teksons Pvt Ltd",1.0,"WIP-Ralu In - TPL",1,"Spacer Bar 10 X 15 X 2115, Imported",0.045,"Kg",1.0,"Raw Material Stores - TPL","Bar Cutting","Kg","Bar Cutting",1.0,"","Aluminium Bar Cutting"
"BOM-R215 OC Bottom Tank-001","R215 OC Bottom Tank","Teksons Pvt Ltd",1.0,"WIP-Ralu Weld - TPL",1,"R215 OC Top & Bottom Tank 70x113x7.5x377LG",1.0,"Nos",1.0,"WIP-CNC - TPL","Helicoil Insert","Nos","Helicoil Insert",1.0,"","Helicoil & Tapping"
"","","","","","","Helicoil Insert M10 X 1.5 X 15 Mm",6.0,"Nos",1.0,"WIP-Ralu Weld - TPL","Helicoil Insert","Nos","","","",""
"BOM-R215 OC Top Tank-001","R215 OC Top Tank","Teksons Pvt Ltd",1.0,"WIP-Ralu Weld - TPL",1,"Helicoil Insert M10 X 1.5 X 15 Mm",6.0,"Nos",1.0,"BOF Stores - TPL","Helicoil Insert","Nos","Helicoil Insert",1.0,"","Helicoil & Tapping"
"","","","","","","R215 OC Top & Bottom Tank 70x113x7.5x377LG",1.0,"Nos",1.0,"WIP-CNC - TPL","Helicoil Insert","Nos","","","",""
"BOM-OC Inlet & Outlet Block 101X66X30-001","OC Inlet & Outlet Block 101X66X30","Teksons Pvt Ltd",1.0,"WIP-Ralu Weld - TPL",1,"Aluminium Extrusion No 398C-ALU-2-0027 ( 101*66*33 )",0.487,"Kg",1.0,"Raw Material Stores - TPL","Size Cutting","Kg","Size Cutting",1.0,"","Accurate Cutting"
"","","","","","","Helicoil Insert M10 X 1.5 X 15 Mm",4.0,"Nos",1.0,"BOF Stores - TPL","Helicoil Insert","Nos","Helicoil Insert",1.0,"","Helicoil & Tapping"
"BOM-R215 RAD Top Tank Sub Assy-001","R215 RAD Top Tank Sub Assy","Teksons Pvt Ltd",1.0,"WIP-Ralu Weld - TPL",1,"Tank End Plate 97*62*5",2.0,"Nos",1.0,"WIP-RP - TPL","Tank Assembly","Nos","Tank Assembly",1.0,"","Mig Welding"
"","","","","","","Filler Neck 14PSI",1.0,"Nos",1.0,"BOF Stores - TPL","Tank Assembly","Nos","","","",""
"","","","","","","Filler Neck Over Flow Pipe",1.0,"Nos",1.0,"BOF Stores - TPL","Tank Assembly","Nos","","","",""
"","","","","","","R215 RAD Inlet and Outlet Pipe",1.0,"Nos",1.0,"WIP-Ralu Weld - TPL","Tank Assembly","Nos","","","",""
"","","","","","","R215 RAD Top Tank",1.0,"Nos",1.0,"WIP-Ralu Weld - TPL","Tank Assembly","Nos","","","",""
