bom_name,item_code,item_name,quantity,company,creation,total_items,total_operations,bom_items_json,operations_json
BOM-R215 RAD Top Tank Sub Assy-001,R215 RAD Top Tank Sub Assy,R215 RAD Top Tank Sub Assy,1.0,Teksons Pvt Ltd,2026-07-13 17:29:47.598848,5,1,"[{""item_code"": ""Tank End Plate 97*62*5"", ""item_name"": ""Tank End Plate 97*62*5"", ""qty"": 2.0, ""uom"": ""Nos"", ""source_warehouse"": """", ""allow_alternative_item"": 0}, {""item_code"": ""Filler Neck 14PSI"", ""item_name"": ""Filler Neck 14PSI"", ""qty"": 1.0, ""uom"": ""Nos"", ""source_warehouse"": """", ""allow_alternative_item"": 0}, {""item_code"": ""Filler Neck Over Flow Pipe"", ""item_name"": ""Filler Neck Over Flow Pipe"", ""qty"": 1.0, ""uom"": ""Nos"", ""source_warehouse"": """", ""allow_alternative_item"": 0}, {""item_code"": ""R215 RAD Inlet and Outlet Pipe"", ""item_name"": ""RAD Inlet and Outlet Pipe"", ""qty"": 1.0, ""uom"": ""Nos"", ""source_warehouse"": """", ""allow_alternative_item"": 0}, {""item_code"": ""R215 RAD Top Tank"", ""item_name"": ""RAD Top Tank"", ""qty"": 1.0, ""uom"": ""Nos"", ""source_warehouse"": """", ""allow_alternative_item"": 0}]","[{""sequence_id"": 1, ""operation"": ""Tank Assembly"", ""workstation"": """", ""plant_floor"": """", ""wip_warehouse"": """", ""hour_rate"": 0, ""time_in_mins"": 1.0}]"
BOM-OC Inlet & Outlet Block 101X66X30-001,OC Inlet & Outlet Block 101X66X30,OC Inlet & Outlet Block 101X66X30,1.0,Teksons Pvt Ltd,2026-07-11 13:37:08.728674,2,2,"[{""item_code"": ""Aluminium Extrusion No 398C-ALU-2-0027 ( 101*66*33 )"", ""item_name"": ""Aluminium Extrusion No 398C-ALU-2-0027 ( 101*66*33 )"", ""qty"": 0.487, ""uom"": ""Kg"", ""source_warehouse"": """", ""allow_alternative_item"": 0}, {""item_code"": ""Helicoil Insert M10 X 1.5 X 15 Mm"", ""item_name"": ""Helicoil Insert"", ""qty"": 4.0, ""uom"": ""Nos"", ""source_warehouse"": """", ""allow_alternative_item"": 0}]","[{""sequence_id"": 1, ""operation"": ""Size Cutting"", ""workstation"": """", ""plant_floor"": """", ""wip_warehouse"": """", ""hour_rate"": 0, ""time_in_mins"": 1.0}, {""sequence_id"": 2, ""operation"": ""Helicoil Insert"", ""workstation"": """", ""plant_floor"": """", ""wip_warehouse"": """", ""hour_rate"": 0, ""time_in_mins"": 1.0}]"
BOM-R215 OC Top Tank-002,R215 OC Top Tank,R215 OC Top Tank,1.0,Teksons Pvt Ltd,2026-07-11 13:31:07.802979,2,1,"[{""item_code"": ""Helicoil Insert M10 X 1.5 X 15 Mm"", ""item_name"": ""Helicoil Insert"", ""qty"": 6.0, ""uom"": ""Nos"", ""source_warehouse"": """", ""allow_alternative_item"": 0}, {""item_code"": ""R215 OC Top & Bottom Tank 70x113x7.5x377LG"", ""item_name"": ""R215 OC Top & Bottom Tank 70x113x7.5x377LG"", ""qty"": 1.0, ""uom"": ""Nos"", ""source_warehouse"": """", ""allow_alternative_item"": 0}]","[{""sequence_id"": 1, ""operation"": ""Helicoil Insert"", ""workstation"": """", ""plant_floor"": """", ""wip_warehouse"": """", ""hour_rate"": 0, ""time_in_mins"": 1.0}]"
BOM-R215 OC Bottom Tank-002,R215 OC Bottom Tank,R215 OC Bottom Tank,1.0,Teksons Pvt Ltd,2026-07-11 13:29:30.931790,2,1,"[{""item_code"": ""R215 OC Top & Bottom Tank 70x113x7.5x377LG"", ""item_name"": ""R215 OC Top & Bottom Tank 70x113x7.5x377LG"", ""qty"": 1.0, ""uom"": ""Nos"", ""source_warehouse"": """", ""allow_alternative_item"": 0}, {""item_code"": ""Helicoil Insert M10 X 1.5 X 15 Mm"", ""item_name"": ""Helicoil Insert"", ""qty"": 6.0, ""uom"": ""Nos"", ""source_warehouse"": """", ""allow_alternative_item"": 0}]","[{""sequence_id"": 1, ""operation"": ""Helicoil Insert"", ""workstation"": """", ""plant_floor"": """", ""wip_warehouse"": """", ""hour_rate"": 0, ""time_in_mins"": 1.0}]"
BOM-Spacer Bar 10x15x110-001,Spacer Bar 10x15x110,Spacer bar 10x15x110,1.0,Teksons Pvt Ltd,2026-07-11 12:49:26.461234,1,1,"[{""item_code"": ""Spacer Bar 10 X 15 X 2115, Imported"", ""item_name"": ""Spacer Bar 10 X 15 X 2115, Imported"", ""qty"": 0.045, ""uom"": ""Kg"", ""source_warehouse"": """", ""allow_alternative_item"": 1}]","[{""sequence_id"": 1, ""operation"": ""Bar Cutting"", ""workstation"": ""Bar_Circular Saw Machine"", ""plant_floor"": ""Ralu In"", ""wip_warehouse"": ""WIP-Ralu In - TPL"", ""hour_rate"": 0, ""time_in_mins"": 1.0}]"
BOM-R215 RAD Top and Bottom Tank-001,R215 RAD Top and Bottom Tank,R215 RAD Top and Bottom Tank,1.0,Teksons Pvt Ltd,2026-07-11 12:34:57.975757,1,1,"[{""item_code"": ""Aluminium Extrusion No 0253OC-ALU-2-0005 70(H)*113(W)*7.5(T)*345LG"", ""item_name"": ""Aluminium Extrusion No 0253OC-ALU-2-0005 70(H)*113(W)*7.5(T)*345LG"", ""qty"": 1.0, ""uom"": ""Nos"", ""source_warehouse"": """", ""allow_alternative_item"": 0}]","[{""sequence_id"": 1, ""operation"": ""Size Cutting"", ""workstation"": """", ""plant_floor"": """", ""wip_warehouse"": """", ""hour_rate"": 0, ""time_in_mins"": 1.0}]"
BOM-Rad Bottom Tank Sub Assy-002,R215 RAD Bottom Tank Sub Assy,Rad Bottom Tank Sub Assy,1.0,Teksons Pvt Ltd,2026-07-11 10:40:34.157810,3,1,"[{""item_code"": ""R215 RAD Bottom Tank"", ""item_name"": ""Rad Bottom Tank"", ""qty"": 1.0, ""uom"": ""Nos"", ""source_warehouse"": """", ""allow_alternative_item"": 0}, {""item_code"": ""R215 RAD Inlet and Outlet Pipe"", ""item_name"": ""RAD Inlet and Outlet Pipe"", ""qty"": 1.0, ""uom"": ""Nos"", ""source_warehouse"": """", ""allow_alternative_item"": 0}, {""item_code"": ""Tank End Plate 97*62*5"", ""item_name"": ""Tank End Plate 97*62*5"", ""qty"": 2.0, ""uom"": ""Nos"", ""source_warehouse"": """", ""allow_alternative_item"": 0}]","[{""sequence_id"": 1, ""operation"": ""Tank Assembly"", ""workstation"": """", ""plant_floor"": """", ""wip_warehouse"": """", ""hour_rate"": 0, ""time_in_mins"": 1.0}]"
BOM-Rad Bottom Tank-002,R215 RAD Bottom Tank,Rad Bottom Tank,1.0,Teksons Pvt Ltd,2026-07-11 10:38:31.995087,2,1,"[{""item_code"": ""R215 RAD Top and Bottom Tank"", ""item_name"": ""RAD Top & Bottom Tank"", ""qty"": 1.0, ""uom"": ""Nos"", ""source_warehouse"": """", ""allow_alternative_item"": 0}, {""item_code"": ""Helicoil Insert M10 X 1.5 X 15 Mm"", ""item_name"": ""Helicoil Insert"", ""qty"": 4.0, ""uom"": ""Nos"", ""source_warehouse"": """", ""allow_alternative_item"": 0}]","[{""sequence_id"": 1, ""operation"": ""Helicoil Insert"", ""workstation"": """", ""plant_floor"": """", ""wip_warehouse"": """", ""hour_rate"": 0, ""time_in_mins"": 1.0}]"
BOM-Tank End Plate 97*62*5-001,Tank End Plate 97*62*5,Tank End Plate 97*62*5,6.0,Teksons Pvt Ltd,2026-07-10 19:57:24.717624,1,1,"[{""item_code"": ""Tank End Plate 70*5*595"", ""item_name"": ""Tank End Plate 70*5*595"", ""qty"": 1.0, ""uom"": ""Nos"", ""source_warehouse"": """", ""allow_alternative_item"": 0}]","[{""sequence_id"": 1, ""operation"": ""Blanking"", ""workstation"": """", ""plant_floor"": """", ""wip_warehouse"": """", ""hour_rate"": 0, ""time_in_mins"": 1.0}]"
BOM-R215 RAD Core End Plate2.5X110X1021-001,R215 RAD Core End Plate2.5X110X1021,R215 RAD Core End Plate2.5X110X1021,1.0,Teksons Pvt Ltd,2026-07-10 19:12:31.002618,1,1,"[{""item_code"": ""R215 OC and RAD Core End Plate2.5X110X1021"", ""item_name"": ""R215 OC and RAD Core End Plate2.5X110X1021"", ""qty"": 1.0, ""uom"": ""Nos"", ""source_warehouse"": """", ""allow_alternative_item"": 0}]","[{""sequence_id"": 1, ""operation"": ""Sr. No. Punching"", ""workstation"": """", ""plant_floor"": """", ""wip_warehouse"": """", ""hour_rate"": 0, ""time_in_mins"": 1.0}]"
BOM-R215 OC Core End Plate 5X140X1021-002,R215 OC Core End Plate 5X140X1021,R215 OC Core End Plate 5X140X1021,1.0,Teksons Pvt Ltd,2026-07-10 19:08:58.484157,1,2,"[{""item_code"": ""R215 OC Core End Plate 5X165X1021"", ""item_name"": ""R215 OC Core End Plate 5X165X1021"", ""qty"": 1.0, ""uom"": ""Nos"", ""source_warehouse"": """", ""allow_alternative_item"": 0}]","[{""sequence_id"": 1, ""operation"": ""Folding"", ""workstation"": """", ""plant_floor"": """", ""wip_warehouse"": """", ""hour_rate"": 0, ""time_in_mins"": 1.0}, {""sequence_id"": 2, ""operation"": ""Sr. No. Punching"", ""workstation"": """", ""plant_floor"": """", ""wip_warehouse"": """", ""hour_rate"": 0, ""time_in_mins"": 1.0}]"
BOM-Turbulator 0.3*250*44.5-002,Turbulator 0.3*250*44.5,Turbulator 0.3*250*44.5,1.0,Teksons Pvt Ltd,2026-07-10 18:36:15.880570,1,1,"[{""item_code"": ""Aluminium Coil 0.3\u00d7250MM"", ""item_name"": ""Aluminium Coil 0.3\u00d7250MM"", ""qty"": 0.015, ""uom"": ""Kg"", ""source_warehouse"": """", ""allow_alternative_item"": 0}]","[{""sequence_id"": 1, ""operation"": ""Turbu Forming"", ""workstation"": """", ""plant_floor"": """", ""wip_warehouse"": """", ""hour_rate"": 0, ""time_in_mins"": 1.0}]"
BOM-Nut Cover for Condenser Mounting 43*30.3*1-001,Nut Cover for Condenser Mounting 43*30.3*1,Nut Cover for Condenser Mounting 43*30.3*1,1.0,Teksons Pvt Ltd,2026-07-10 18:24:50.585783,1,2,"[{""item_code"": ""MS \u2013 1 MM Thk"", ""item_name"": ""MS \u2013 1 MM Thk"", ""qty"": 0.01, ""uom"": ""Kg"", ""source_warehouse"": """", ""allow_alternative_item"": 0}]","[{""sequence_id"": 1, ""operation"": ""Shearing"", ""workstation"": ""W Department"", ""plant_floor"": ""W"", ""wip_warehouse"": ""WIP-W - TPL"", ""hour_rate"": 0, ""time_in_mins"": 1.0}, {""sequence_id"": 2, ""operation"": ""Punching"", ""workstation"": """", ""plant_floor"": """", ""wip_warehouse"": """", ""hour_rate"": 0, ""time_in_mins"": 1.0}]"
BOM-Cage For M8 Sq Nut 182X50X0.5-001,Cage For M8 Sq Nut 182X50X0.5,Cage For M8 Sq Nut 182X50X0.5,1.0,Teksons Pvt Ltd,2026-07-10 18:19:38.929590,2,1,"[{""item_code"": ""GI \u2013 0.5MM Thk"", ""item_name"": ""GI \u2013 0.5MM Thk"", ""qty"": 0.036, ""uom"": ""Kg"", ""source_warehouse"": """", ""allow_alternative_item"": 0}, {""item_code"": ""SQ Nut M8*1.25P"", ""item_name"": ""SQ Nut M8*1.25P"", ""qty"": 1.0, ""uom"": ""Nos"", ""source_warehouse"": """", ""allow_alternative_item"": 0}]","[{""sequence_id"": 1, ""operation"": ""Folding"", ""workstation"": """", ""plant_floor"": """", ""wip_warehouse"": """", ""hour_rate"": 0, ""time_in_mins"": 1.0}]"
BOM-CAC Bottom Tank Sub Assy-001,R215 CAC Bottom Tank Sub Assy,CAC Bottom Tank Sub Assy,1.0,Teksons Pvt Ltd,2026-07-10 18:16:37.215077,3,1,"[{""item_code"": ""R215 CAC Bottom Tank"", ""item_name"": ""R215 CAC Bottom Tank"", ""qty"": 1.0, ""uom"": ""Nos"", ""source_warehouse"": """", ""allow_alternative_item"": 0}, {""item_code"": ""R215 CAC Inlet and Outlet Pipe"", ""item_name"": ""CAC Inlet and Outlet Pipe"", ""qty"": 1.0, ""uom"": ""Nos"", ""source_warehouse"": """", ""allow_alternative_item"": 0}, {""item_code"": ""Tank End Plate 101.5*96*5 for Extrusion No 0239C-ALU-2-0001"", ""item_name"": ""Tank End Plate for Extrusion No 0239C-ALU-2-0001"", ""qty"": 2.0, ""uom"": ""Nos"", ""source_warehouse"": """", ""allow_alternative_item"": 0}]","[{""sequence_id"": 1, ""operation"": ""Tank Assembly"", ""workstation"": """", ""plant_floor"": """", ""wip_warehouse"": """", ""hour_rate"": 0, ""time_in_mins"": 1.0}]"
BOM-R215 CAC Bottom Tank-001,R215 CAC Bottom Tank,R215 CAC Bottom Tank,1.0,Teksons Pvt Ltd,2026-07-10 18:12:04.208520,2,2,"[{""item_code"": ""R215 CAC Top and Bottom Tank 110x113x7.5x186LG"", ""item_name"": ""R215 CAC Top and Bottom Tank 110x113x7.5x186LG"", ""qty"": 1.0, ""uom"": ""Nos"", ""source_warehouse"": """", ""allow_alternative_item"": 0}, {""item_code"": ""Helicoil Insert M10 X 1.5 X 15 Mm"", ""item_name"": ""Helicoil Insert"", ""qty"": 4.0, ""uom"": ""Nos"", ""source_warehouse"": """", ""allow_alternative_item"": 0}]","[{""sequence_id"": 1, ""operation"": ""Drilling & Boring"", ""workstation"": """", ""plant_floor"": """", ""wip_warehouse"": """", ""hour_rate"": 0, ""time_in_mins"": 1.0}, {""sequence_id"": 2, ""operation"": ""Helicoil Insert"", ""workstation"": """", ""plant_floor"": """", ""wip_warehouse"": """", ""hour_rate"": 0, ""time_in_mins"": 1.0}]"
BOM-R215-001,R215 Combi Cooler,Hyundai R215 Combi Cooler,1.0,Teksons Pvt Ltd,2026-07-10 18:12:03.898914,38,2,"[{""item_code"": ""R215 CAC"", ""item_name"": ""Charge Air Cooler"", ""qty"": 1.0, ""uom"": ""Nos"", ""source_warehouse"": """", ""allow_alternative_item"": 0}, {""item_code"": ""R215 Bottom Cover Assembly"", ""item_name"": ""R215 Bottom Cover Assembly"", ""qty"": 1.0, ""uom"": ""Nos"", ""source_warehouse"": """", ""allow_alternative_item"": 0}, {""item_code"": ""R215 Bottom Flyscreen Assembly"", ""item_name"": ""R215 Bottom Flyscreen Assembly"", ""qty"": 1.0, ""uom"": ""Nos"", ""source_warehouse"": """", ""allow_alternative_item"": 0}, {""item_code"": ""Bottom Foam"", ""item_name"": ""Bottom Foam"", ""qty"": 2.0, ""uom"": ""Nos"", ""source_warehouse"": """", ""allow_alternative_item"": 0}, {""item_code"": ""C Clamp Spacer"", ""item_name"": ""C Clamp Spacer"", ""qty"": 12.0, ""uom"": ""Nos"", ""source_warehouse"": """", ""allow_alternative_item"": 0}, {""item_code"": ""Cage For M8 Sq Nut 182X50X0.5"", ""item_name"": ""Cage For M8 Sq Nut 182X50X0.5"", ""qty"": 8.0, ""uom"": ""Nos"", ""source_warehouse"": """", ""allow_alternative_item"": 0}, {""item_code"": ""EPDM Drain Hose"", ""item_name"": ""EPDM Drain Hose"", ""qty"": 1.0, ""uom"": ""Nos"", ""source_warehouse"": """", ""allow_alternative_item"": 0}, {""item_code"": ""R215 Fan Cowl"", ""item_name"": ""Fan Cowl"", ""qty"": 1.0, ""uom"": ""Nos"", ""source_warehouse"": """", ""allow_alternative_item"": 0}, {""item_code"": ""R215 Finger Guard"", ""item_name"": ""R215 Finger Guard"", ""qty"": 1.0, ""uom"": ""Nos"", ""source_warehouse"": """", ""allow_alternative_item"": 0}, {""item_code"": ""Foam for CAC"", ""item_name"": ""Foam for CAC"", ""qty"": 2.0, ""uom"": ""Nos"", ""source_warehouse"": """", ""allow_alternative_item"": 0}, {""item_code"": ""Foam for gap B/W Cooler and F/C"", ""item_name"": ""Foam for gap B/W Cooler and F/C"", ""qty"": 2.0, ""uom"": ""Nos"", ""source_warehouse"": """", ""allow_alternative_item"": 0}, {""item_code"": ""Foam for OIL Cooler"", ""item_name"": ""Foam for OIL Cooler"", ""qty"": 2.0, ""uom"": ""Nos"", ""source_warehouse"": """", ""allow_alternative_item"": 0}, {""item_code"": ""HEX Head Bolt M8*1.25P*25LG"", ""item_name"": ""HEX Head Bolt M8*1.25P*25LG"", ""qty"": 18.0, ""uom"": ""Nos"", ""source_warehouse"": """", ""allow_alternative_item"": 0}, {""item_code"": ""HEX Head Bolt M10*1.5P*30LG"", ""item_name"": ""HEX Head Bolt M10*1.5P*30LG"", ""qty"": 28.0, ""uom"": ""Nos"", ""source_warehouse"": """", ""allow_alternative_item"": 0}, {""item_code"": ""Hose Clip"", ""item_name"": ""Hose Clip"", ""qty"": 1.0, ""uom"": ""Nos"", ""source_warehouse"": """", ""allow_alternative_item"": 0}, {""item_code"": ""R215 LH \u2013 RH Condenser MTG BKT"", ""item_name"": ""LH \u2013 RH Condenser MTG BKT"", ""qty"": 1.0, ""uom"": ""Pair"", ""source_warehouse"": """", ""allow_alternative_item"": 0}, {""item_code"": ""R215 Ms Plate-2 (144X22X1.5)"", ""item_name"": ""MS Plate-2"", ""qty"": 1.0, ""uom"": ""Nos"", ""source_warehouse"": """", ""allow_alternative_item"": 0}, {""item_code"": ""R215 Ms Plate-1(102X22X1.5)"", ""item_name"": ""MS Plate-1"", ""qty"": 1.0, ""uom"": ""Nos"", ""source_warehouse"": """", ""allow_alternative_item"": 0}, {""item_code"": ""M8 Nuts"", ""item_name"": ""Nuts"", ""qty"": 2.0, ""uom"": ""Nos"", ""source_warehouse"": """", ""allow_alternative_item"": 0}, {""item_code"": ""R215 OC"", ""item_name"": ""Oil Cooler"", ""qty"": 1.0, ""uom"": ""Nos"", ""source_warehouse"": """", ""allow_alternative_item"": 0}, {""item_code"": ""M10 Plain Washer"", ""item_name"": ""Plain washer (for M10)"", ""qty"": 28.0, ""uom"": ""Nos"", ""source_warehouse"": """", ""allow_alternative_item"": 0}, {""item_code"": ""M8 Plain Washer"", ""item_name"": ""Plain washer (for M8)"", ""qty"": 26.0, ""uom"": ""Nos"", ""source_warehouse"": """", ""allow_alternative_item"": 0}, {""item_code"": ""R215 RAD"", ""item_name"": ""Radiator"", ""qty"": 1.0, ""uom"": ""Nos"", ""source_warehouse"": """", ""allow_alternative_item"": 0}, {""item_code"": ""Rivets - 4.8 X 12.5"", ""item_name"": ""Rivets - 4.8 X 12.5"", ""qty"": 4.0, ""uom"": ""Nos"", ""source_warehouse"": """", ""allow_alternative_item"": 0}, {""item_code"": ""M10 Spring Washer"", ""item_name"": ""Spring washer (for M10)"", ""qty"": 28.0, ""uom"": ""Nos"", ""source_warehouse"": """", ""allow_alternative_item"": 0}, {""item_code"": ""M8 Spring Washer"", ""item_name"": ""Spring Washer (for M8)"", ""qty"": 26.0, ""uom"": ""Nos"", ""source_warehouse"": """", ""allow_alternative_item"": 0}, {""item_code"": ""R215 Top Cover Assembly"", ""item_name"": ""R215 Top Cover Assembly"", ""qty"": 1.0, ""uom"": ""Nos"", ""source_warehouse"": """", ""allow_alternative_item"": 0}, {""item_code"": ""R215 Top Flyscreen Assembly"", ""item_name"": ""R215 Top Flyscreen Assembly"", ""qty"": 1.0, ""uom"": ""Nos"", ""source_warehouse"": """", ""allow_alternative_item"": 0}, {""item_code"": ""Wing Bolt"", ""item_name"": ""Wing Bolt"", ""qty"": 8.0, ""uom"": ""Nos"", ""source_warehouse"": """", ""allow_alternative_item"": 0}, {""item_code"": ""Pressure Cap"", ""item_name"": ""Pressure Cap"", ""qty"": 1.0, ""uom"": ""Nos"", ""source_warehouse"": """", ""allow_alternative_item"": 0}, {""item_code"": ""Foam"", ""item_name"": ""Foam"", ""qty"": 1.0, ""uom"": ""Set"", ""source_warehouse"": """", ""allow_alternative_item"": 0}, {""item_code"": ""Protective Cap for CAC"", ""item_name"": ""Protective Cap for CAC"", ""qty"": 2.0, ""uom"": ""Nos"", ""source_warehouse"": """", ""allow_alternative_item"": 0}, {""item_code"": ""Protective cap for OC"", ""item_name"": ""Protective cap for OC"", ""qty"": 2.0, ""uom"": ""Nos"", ""source_warehouse"": """", ""allow_alternative_item"": 0}, {""item_code"": ""Protective Cap for Radiator"", ""item_name"": ""Protective Cap for Radiator"", ""qty"": 2.0, ""uom"": ""Nos"", ""source_warehouse"": """", ""allow_alternative_item"": 0}, {""item_code"": ""Sticker (Warning)"", ""item_name"": ""Sticker (Warning)"", ""qty"": 1.0, ""uom"": ""Nos"", ""source_warehouse"": """", ""allow_alternative_item"": 0}, {""item_code"": ""Sticker (Part No)"", ""item_name"": ""Sticker (Part No)"", ""qty"": 1.0, ""uom"": ""Nos"", ""source_warehouse"": """", ""allow_alternative_item"": 0}, {""item_code"": ""Sticker (Serial No)"", ""item_name"": ""Sticker (Serial No)"", ""qty"": 1.0, ""uom"": ""Nos"", ""source_warehouse"": """", ""allow_alternative_item"": 0}, {""item_code"": ""Nut Cover for Condenser Mounting 43*30.3*1"", ""item_name"": ""Nut Cover for Condenser Mounting 43*30.3*1"", ""qty"": 2.0, ""uom"": ""Nos"", ""source_warehouse"": """", ""allow_alternative_item"": 0}]","[{""sequence_id"": 1, ""operation"": ""Final Assembly"", ""workstation"": """", ""plant_floor"": """", ""wip_warehouse"": """", ""hour_rate"": 0, ""time_in_mins"": 1.0}, {""sequence_id"": 2, ""operation"": ""PDI"", ""workstation"": """", ""plant_floor"": """", ""wip_warehouse"": """", ""hour_rate"": 0, ""time_in_mins"": 1.0}]"
BOM-R215 CAC-001,R215 CAC,Charge Air Cooler,1.0,Teksons Pvt Ltd,2026-07-10 18:12:03.831917,5,3,"[{""item_code"": ""R215 CAC Core"", ""item_name"": ""R215 CAC Core"", ""qty"": 1.0, ""uom"": ""Nos"", ""source_warehouse"": """", ""allow_alternative_item"": 0}, {""item_code"": ""R215 CAC Top Tank Sub Assy"", ""item_name"": ""CAC Top Tank Sub Assy"", ""qty"": 1.0, ""uom"": ""Nos"", ""source_warehouse"": """", ""allow_alternative_item"": 0}, {""item_code"": ""R215 CAC Bottom Tank Sub Assy"", ""item_name"": ""CAC Bottom Tank Sub Assy"", ""qty"": 1.0, ""uom"": ""Nos"", ""source_warehouse"": """", ""allow_alternative_item"": 0}, {""item_code"": ""Stay Block 50X25X150"", ""item_name"": ""Stay Block"", ""qty"": 1.0, ""uom"": ""Nos"", ""source_warehouse"": """", ""allow_alternative_item"": 0}, {""item_code"": ""Condenser Mounting Block 31X19X25"", ""item_name"": ""Condenser Mtg. Block 31X19X25"", ""qty"": 2.0, ""uom"": ""Nos"", ""source_warehouse"": """", ""allow_alternative_item"": 0}]","[{""sequence_id"": 1, ""operation"": ""Tank To Core"", ""workstation"": """", ""plant_floor"": """", ""wip_warehouse"": """", ""hour_rate"": 0, ""time_in_mins"": 1.0}, {""sequence_id"": 2, ""operation"": ""Angle Assembly"", ""workstation"": """", ""plant_floor"": """", ""wip_warehouse"": """", ""hour_rate"": 0, ""time_in_mins"": 1.0}, {""sequence_id"": 3, ""operation"": ""Leak Testing"", ""workstation"": """", ""plant_floor"": """", ""wip_warehouse"": """", ""hour_rate"": 0, ""time_in_mins"": 1.0}]"
BOM-Spacer Bar 9.5×15×110-001,Spacer Bar 9.5×15×110,Spacer Bar 9.5×15×110,1.0,Teksons Pvt Ltd,2026-07-10 18:12:03.802820,1,1,"[{""item_code"": ""Aluminium Spacer Bar ( ALU STD 0061 ) ( 9.5*15 )"", ""item_name"": ""Aluminium Spacer Bar ( ALU STD 0061 ) ( 9.5*15 )"", ""qty"": 0.043, ""uom"": ""Kg"", ""source_warehouse"": """", ""allow_alternative_item"": 0}]","[{""sequence_id"": 1, ""operation"": ""Bar Cutting"", ""workstation"": ""Bar_Circular Saw Machine"", ""plant_floor"": ""Ralu In"", ""wip_warehouse"": ""WIP-Ralu In - TPL"", ""hour_rate"": 0, ""time_in_mins"": 1.0}]"
BOM-MS Plate-2-001,R215 Ms Plate-2 (144X22X1.5),R215 Ms Plate-2 (144X22X1.5),1.0,Teksons Pvt Ltd,2026-07-10 18:12:03.766490,2,2,"[{""item_code"": ""MS \u2013 1.5 MM Thk"", ""item_name"": ""MS \u2013 1.5 MM Thk"", ""qty"": 0.037, ""uom"": ""Kg"", ""source_warehouse"": """", ""allow_alternative_item"": 0}, {""item_code"": ""HEX Nut M8*1.25P"", ""item_name"": ""HEX Nut M8*1.25P"", ""qty"": 1.0, ""uom"": ""Nos"", ""source_warehouse"": """", ""allow_alternative_item"": 0}]","[{""sequence_id"": 1, ""operation"": ""Shearing"", ""workstation"": """", ""plant_floor"": """", ""wip_warehouse"": """", ""hour_rate"": 0, ""time_in_mins"": 1.0}, {""sequence_id"": 2, ""operation"": ""Punching"", ""workstation"": """", ""plant_floor"": """", ""wip_warehouse"": """", ""hour_rate"": 0, ""time_in_mins"": 1.0}]"
BOM-MS Plate-1-001,R215 Ms Plate-1(102X22X1.5),R215 Ms Plate-1(102X22X1.5),1.0,Teksons Pvt Ltd,2026-07-10 18:12:03.729851,2,2,"[{""item_code"": ""MS \u2013 1.5MM Thk"", ""item_name"": ""MS \u2013 1.5MM Thk"", ""qty"": 0.026, ""uom"": ""Kg"", ""source_warehouse"": """", ""allow_alternative_item"": 0}, {""item_code"": ""HEX Nut M8*1.25P"", ""item_name"": ""HEX Nut M8*1.25P"", ""qty"": 1.0, ""uom"": ""Nos"", ""source_warehouse"": """", ""allow_alternative_item"": 0}]","[{""sequence_id"": 1, ""operation"": ""Shearing"", ""workstation"": """", ""plant_floor"": """", ""wip_warehouse"": """", ""hour_rate"": 0, ""time_in_mins"": 1.0}, {""sequence_id"": 2, ""operation"": ""Punching"", ""workstation"": """", ""plant_floor"": """", ""wip_warehouse"": """", ""hour_rate"": 0, ""time_in_mins"": 1.0}]"
BOM-Turbulator 0.2*300*96.0-001,Turbulator 0.2*300*96.0,Turbulator 0.2*300*96.0,1.0,Teksons Pvt Ltd,2026-07-10 18:12:03.701745,1,1,"[{""item_code"": ""Aluminium Coil 0.2\u00d7300"", ""item_name"": ""Aluminium Coil 0.2\u00d7300"", ""qty"": 0.029, ""uom"": ""Kg"", ""source_warehouse"": """", ""allow_alternative_item"": 0}]","[{""sequence_id"": 1, ""operation"": ""Turbu Forming"", ""workstation"": """", ""plant_floor"": """", ""wip_warehouse"": """", ""hour_rate"": 0, ""time_in_mins"": 1.0}]"
BOM-Turbulator 0.2*250*96.0-001,Turbulator 0.2*250*96.0,Turbulator 0.2*250*96.0,1.0,Teksons Pvt Ltd,2026-07-10 18:12:03.672707,1,1,"[{""item_code"": ""Aluminium Coil 0.2\u00d7250 Thk"", ""item_name"": ""Aluminium Coil 0.2\u00d7250 Thk"", ""qty"": 0.024, ""uom"": ""Kg"", ""source_warehouse"": """", ""allow_alternative_item"": 0}]","[{""sequence_id"": 1, ""operation"": ""Turbu Forming"", ""workstation"": """", ""plant_floor"": """", ""wip_warehouse"": """", ""hour_rate"": 0, ""time_in_mins"": 1.0}]"
BOM-Turbulator 0.3*300*44.5-001,Turbulator 0.3*300*44.5,Turbulator 0.3*300*44.5,1.0,Teksons Pvt Ltd,2026-07-10 18:12:03.645250,1,1,"[{""item_code"": ""Aluminium Coil 0.3\u00d7300MM"", ""item_name"": ""Aluminium Coil 0.3\u00d7300MM"", ""qty"": 0.018, ""uom"": ""Kg"", ""source_warehouse"": """", ""allow_alternative_item"": 0}]","[{""sequence_id"": 1, ""operation"": ""Turbu Forming"", ""workstation"": """", ""plant_floor"": """", ""wip_warehouse"": """", ""hour_rate"": 0, ""time_in_mins"": 1.0}]"
BOM-Turbulator 0.3*250*44.5-001,Turbulator 0.3*250*44.5,Turbulator 0.3*250*44.5,1.0,Teksons Pvt Ltd,2026-07-10 18:12:03.617134,1,1,"[{""item_code"": ""Aluminium Coil 0.3\u00d7250MM"", ""item_name"": ""Aluminium Coil 0.3\u00d7250MM"", ""qty"": 1.0, ""uom"": ""Nos"", ""source_warehouse"": """", ""allow_alternative_item"": 0}]","[{""sequence_id"": 1, ""operation"": ""Turbu Forming"", ""workstation"": """", ""plant_floor"": """", ""wip_warehouse"": """", ""hour_rate"": 0, ""time_in_mins"": 1.0}]"
BOM-Tube sheet for RAD 0.6*110*1021-001,R215 RAD Tube Sheet 0.6*110*1021,Tube sheet for RAD 0.6*110*1021,1.0,Teksons Pvt Ltd,2026-07-10 18:12:03.559183,1,1,"[{""item_code"": ""Aluminium Coil 0.6*110MM"", ""item_name"": ""Aluminium Coil 0.6*110MM"", ""qty"": 0.184, ""uom"": ""Kg"", ""source_warehouse"": """", ""allow_alternative_item"": 0}]","[{""sequence_id"": 1, ""operation"": ""Tube Sheet Cutting"", ""workstation"": """", ""plant_floor"": """", ""wip_warehouse"": """", ""hour_rate"": 0, ""time_in_mins"": 1.0}]"
BOM-Tube Sheet for OC 0.7*110*1021-001,R215 OC Tube Sheet 0.7*110*1021,Tube Sheet for OC 0.7*110*1021,1.0,Teksons Pvt Ltd,2026-07-10 18:12:03.531561,1,1,"[{""item_code"": ""Aluminium Coil 0.7*110"", ""item_name"": ""Aluminium Coil 0.7*110"", ""qty"": 0.215, ""uom"": ""Kg"", ""source_warehouse"": """", ""allow_alternative_item"": 0}]","[{""sequence_id"": 1, ""operation"": ""Tube Sheet Cutting"", ""workstation"": """", ""plant_floor"": """", ""wip_warehouse"": """", ""hour_rate"": 0, ""time_in_mins"": 1.0}]"
BOM-R215 Tube Sheet For CAC 0.6*110*941-001,R215 Tube Sheet For CAC 0.6*110*941,R215 Tube Sheet For CAC 0.6*110*941,1.0,Teksons Pvt Ltd,2026-07-10 18:12:03.503895,1,1,"[{""item_code"": ""Aluminium Coil 0.6*110MM"", ""item_name"": ""Aluminium Coil 0.6*110MM"", ""qty"": 0.17, ""uom"": ""Kg"", ""source_warehouse"": """", ""allow_alternative_item"": 0}]","[{""sequence_id"": 1, ""operation"": ""Tube Sheet Cutting"", ""workstation"": """", ""plant_floor"": """", ""wip_warehouse"": """", ""hour_rate"": 0, ""time_in_mins"": 1.0}]"
BOM-R215 Top Flyscreen Wire Mash 903X554-001,R215 Top Flyscreen Wire Mash 903X554,R215 Top Flyscreen Wire Mesh 903X554,1.0,Teksons Pvt Ltd,2026-07-10 18:12:03.476682,1,1,"[{""item_code"": ""MS"", ""item_name"": ""MS"", ""qty"": 0.33, ""uom"": ""Kg"", ""source_warehouse"": """", ""allow_alternative_item"": 0}]","[{""sequence_id"": 1, ""operation"": ""Rolling & Cutting"", ""workstation"": """", ""plant_floor"": """", ""wip_warehouse"": """", ""hour_rate"": 0, ""time_in_mins"": 1.0}]"
BOM-R215 Top Flyscreen Covering Plate 910X30X1-001,R215 Top Flyscreen Covering Plate 910X30X1,R215 Top Flyscreen Covering Plate 910X30X1,1.0,Teksons Pvt Ltd,2026-07-10 18:12:03.449007,1,1,"[{""item_code"": ""MS \u2013 1 MM Thk"", ""item_name"": ""MS \u2013 1 MM Thk"", ""qty"": 0.214, ""uom"": ""Kg"", ""source_warehouse"": """", ""allow_alternative_item"": 0}]","[{""sequence_id"": 1, ""operation"": ""Shearing"", ""workstation"": """", ""plant_floor"": """", ""wip_warehouse"": """", ""hour_rate"": 0, ""time_in_mins"": 1.0}]"
BOM-R215 Top Flyscreen Center Plate 533X102-001,R215 Top Flyscreen Center Plate 533X102,R215 Top Flyscreen Center Plate 533X102,1.0,Teksons Pvt Ltd,2026-07-10 18:12:03.419792,1,1,"[{""item_code"": ""MS \u2013 2MM Thk"", ""item_name"": ""MS \u2013 2MM Thk"", ""qty"": 0.084, ""uom"": ""Kg"", ""source_warehouse"": """", ""allow_alternative_item"": 0}]","[{""sequence_id"": 1, ""operation"": ""Shearing"", ""workstation"": """", ""plant_floor"": """", ""wip_warehouse"": """", ""hour_rate"": 0, ""time_in_mins"": 1.0}]"
BOM-R215 Top Flyscreen Assembly-001,R215 Top Flyscreen Assembly,R215 Top Flyscreen Assembly,1.0,Teksons Pvt Ltd,2026-07-10 18:12:03.357375,5,2,"[{""item_code"": ""R215 Top Flyscreen Wire Mash 903X554"", ""item_name"": ""R215 Top Flyscreen Wire Mesh 903X554"", ""qty"": 1.0, ""uom"": ""Nos"", ""source_warehouse"": """", ""allow_alternative_item"": 0}, {""item_code"": ""U Piece Angle-1 for Flyscreen - 910(L)*15(W)*7(T)"", ""item_name"": ""U Piece Angle-1 for Flyscreen - 910(L)*15(W)*7(T)"", ""qty"": 2.0, ""uom"": ""Nos"", ""source_warehouse"": """", ""allow_alternative_item"": 0}, {""item_code"": ""U Piece Angle-2 for Flyscreen - 529(W)*15(H)*7(T)"", ""item_name"": ""U Piece Angle-2 for Flyscreen - 529(W)*15(H)*7(T)"", ""qty"": 2.0, ""uom"": ""Nos"", ""source_warehouse"": """", ""allow_alternative_item"": 0}, {""item_code"": ""R215 Top and Bottom Flyscreen Mounting Plate 35X30X2"", ""item_name"": ""R215 Top and Bottom Flyscreen Mounting Plate 35X30X2"", ""qty"": 4.0, ""uom"": ""Nos"", ""source_warehouse"": """", ""allow_alternative_item"": 0}, {""item_code"": ""R215 Top Flyscreen Covering Plate 910X30X1"", ""item_name"": ""R215 Top Flyscreen Covering Plate 910X30X1"", ""qty"": 1.0, ""uom"": ""Nos"", ""source_warehouse"": """", ""allow_alternative_item"": 0}]","[{""sequence_id"": 1, ""operation"": ""Assembly"", ""workstation"": """", ""plant_floor"": """", ""wip_warehouse"": """", ""hour_rate"": 0, ""time_in_mins"": 1.0}, {""sequence_id"": 2, ""operation"": ""Painting"", ""workstation"": """", ""plant_floor"": """", ""wip_warehouse"": """", ""hour_rate"": 0, ""time_in_mins"": 1.0}]"
BOM-R215 Top Cover Assembly-001,R215 Top Cover Assembly,R215 Top Cover Assembly,1.0,Teksons Pvt Ltd,2026-07-10 18:12:03.328717,1,1,"[{""item_code"": ""R215 Top Cover Assembly"", ""item_name"": ""R215 Top Cover Assembly"", ""qty"": 1.0, ""uom"": ""Nos"", ""source_warehouse"": """", ""allow_alternative_item"": 0}]","[{""sequence_id"": 1, ""operation"": ""Painting"", ""workstation"": """", ""plant_floor"": """", ""wip_warehouse"": """", ""hour_rate"": 0, ""time_in_mins"": 1.0}]"
BOM-R215 Top and Bottom Flyscreen Mounting Plate 35X30X2-001,R215 Top and Bottom Flyscreen Mounting Plate 35X30X2,R215 Top and Bottom Flyscreen Mounting Plate 35X30X2,1.0,Teksons Pvt Ltd,2026-07-10 18:12:03.297651,1,2,"[{""item_code"": ""MS \u2013 2MM Thk"", ""item_name"": ""MS \u2013 2MM Thk"", ""qty"": 0.016, ""uom"": ""Kg"", ""source_warehouse"": """", ""allow_alternative_item"": 0}]","[{""sequence_id"": 1, ""operation"": ""Shearing"", ""workstation"": """", ""plant_floor"": """", ""wip_warehouse"": """", ""hour_rate"": 0, ""time_in_mins"": 1.0}, {""sequence_id"": 2, ""operation"": ""Punching"", ""workstation"": """", ""plant_floor"": """", ""wip_warehouse"": """", ""hour_rate"": 0, ""time_in_mins"": 1.0}]"
BOM-Tank End Plate For Extrusion No 0073C-ALU-2-0008-001,Tank End Plate 96*62*8 For Extrusion No 0073C-ALU-2-0008,Tank End Plate 96*62*8 For Extrusion No 0073C-ALU-2-0008,9.0,Teksons Pvt Ltd,2026-07-10 18:12:03.239377,1,1,"[{""item_code"": ""Aluminium Plate 70*8*800MM"", ""item_name"": ""Aluminium Plate 70*8*800MM"", ""qty"": 1.223, ""uom"": ""Kg"", ""source_warehouse"": """", ""allow_alternative_item"": 0}]","[{""sequence_id"": 1, ""operation"": ""Blanking"", ""workstation"": """", ""plant_floor"": """", ""wip_warehouse"": """", ""hour_rate"": 0, ""time_in_mins"": 1.0}]"
BOM-Tank End Plate for Extrusion No 0239C-ALU-2-0001-001,Tank End Plate 101.5*96*5 for Extrusion No 0239C-ALU-2-0001,Tank End Plate for Extrusion No 0239C-ALU-2-0001,6.0,Teksons Pvt Ltd,2026-07-10 18:12:03.207498,1,1,"[{""item_code"": ""Tank End Plate 110\u00d75*595MM"", ""item_name"": ""Tank End Plate 110\u00d75*595MM"", ""qty"": 1.0, ""uom"": ""Nos"", ""source_warehouse"": """", ""allow_alternative_item"": 0}]","[{""sequence_id"": 1, ""operation"": ""Blanking"", ""workstation"": """", ""plant_floor"": """", ""wip_warehouse"": """", ""hour_rate"": 0, ""time_in_mins"": 1.0}]"
BOM-Tank End Plate 110×5*595MM-001,Tank End Plate 110×5*595MM,Tank End Plate 110×5*595MM,1.0,Teksons Pvt Ltd,2026-07-10 18:12:03.177083,1,1,"[{""item_code"": ""Aluminium Plate 110*5*2250MM"", ""item_name"": ""Aluminium Plate 110*5*2250MM"", ""qty"": 0.894, ""uom"": ""Kg"", ""source_warehouse"": """", ""allow_alternative_item"": 0}]","[{""sequence_id"": 1, ""operation"": ""Size Cutting"", ""workstation"": """", ""plant_floor"": """", ""wip_warehouse"": """", ""hour_rate"": 0, ""time_in_mins"": 1.0}]"
BOM-Stay Block-001,Stay Block 50X25X150,Stay Block 50X25X150,1.0,Teksons Pvt Ltd,2026-07-10 18:12:03.140525,2,2,"[{""item_code"": ""Aluminium Extrusion No 0.0318C-ALU-2-0034 (50*25*150)"", ""item_name"": ""Aluminium Extrusion No 0.0318C-ALU-2-0034 (50*25*150)"", ""qty"": 0.512, ""uom"": ""Kg"", ""source_warehouse"": """", ""allow_alternative_item"": 0}, {""item_code"": ""Helicoil Insert M 12 X 1.75 X 18Mm"", ""item_name"": ""Helicoil Insert M 12 X 1.75 X 18Mm"", ""qty"": 1.0, ""uom"": ""Nos"", ""source_warehouse"": """", ""allow_alternative_item"": 1}]","[{""sequence_id"": 1, ""operation"": ""Size Cutting"", ""workstation"": """", ""plant_floor"": """", ""wip_warehouse"": """", ""hour_rate"": 0, ""time_in_mins"": 1.0}, {""sequence_id"": 2, ""operation"": ""Helicoil Insert"", ""workstation"": """", ""plant_floor"": """", ""wip_warehouse"": """", ""hour_rate"": 0, ""time_in_mins"": 1.0}]"
BOM-R215 Spacer Bar for CAC 8*10*941-001,R215 Spacer Bar for CAC 8*10*941,R215 Spacer Bar for CAC 8*10*941,1.0,Teksons Pvt Ltd,2026-07-10 18:12:03.109199,1,1,"[{""item_code"": ""Aluminium Spacer Bar ALU-STD-0028 (8*10)"", ""item_name"": ""Aluminium Spacer Bar ALU-STD-0028 (8*10)"", ""qty"": 0.206, ""uom"": ""Kg"", ""source_warehouse"": """", ""allow_alternative_item"": 0}]","[{""sequence_id"": 1, ""operation"": ""Bar Cutting"", ""workstation"": ""Bar_Circular Saw Machine"", ""plant_floor"": ""Ralu In"", ""wip_warehouse"": ""WIP-Ralu In - TPL"", ""hour_rate"": 0, ""time_in_mins"": 1.0}]"
BOM-Radiator Drain Pipe-001,R215 Radiator Drain Pipe Od∅10 X 17 Lgx 3,Radiator Drain Pipe,1.0,Teksons Pvt Ltd,2026-07-10 18:12:03.079814,1,1,"[{""item_code"": ""Aluminium Pipe OD\u230010*ID\u23006*17L"", ""item_name"": ""Aluminium Pipe OD\u230010*ID\u23006*17L"", ""qty"": 1.0, ""uom"": ""Nos"", ""source_warehouse"": """", ""allow_alternative_item"": 0}]","[{""sequence_id"": 1, ""operation"": ""Cutting"", ""workstation"": """", ""plant_floor"": """", ""wip_warehouse"": """", ""hour_rate"": 0, ""time_in_mins"": 1.0}]"
BOM-Radiator-001,R215 RAD,Radiator,1.0,Teksons Pvt Ltd,2026-07-10 18:12:03.040982,6,3,"[{""item_code"": ""R215 RAD Core"", ""item_name"": ""R215 RAD Core"", ""qty"": 1.0, ""uom"": ""Nos"", ""source_warehouse"": """", ""allow_alternative_item"": 0}, {""item_code"": ""Drain Plug"", ""item_name"": ""Drain Plug"", ""qty"": 1.0, ""uom"": ""Nos"", ""source_warehouse"": """", ""allow_alternative_item"": 0}, {""item_code"": ""R215 RAD Bottom Tank Sub Assy"", ""item_name"": ""Rad Bottom Tank Sub Assy"", ""qty"": 1.0, ""uom"": ""Nos"", ""source_warehouse"": """", ""allow_alternative_item"": 0}, {""item_code"": ""R215 RAD Top Tank Sub Assy"", ""item_name"": ""RAD Top Tank Sub Assy"", ""qty"": 1.0, ""uom"": ""Nos"", ""source_warehouse"": """", ""allow_alternative_item"": 0}, {""item_code"": ""RAD Drain Bush"", ""item_name"": ""RAD Drain Bush"", ""qty"": 1.0, ""uom"": ""Nos"", ""source_warehouse"": """", ""allow_alternative_item"": 0}, {""item_code"": ""R215 Radiator Drain Pipe Od\u220510 X 17 Lgx 3"", ""item_name"": ""Radiator Drain Pipe"", ""qty"": 1.0, ""uom"": ""Nos"", ""source_warehouse"": """", ""allow_alternative_item"": 0}]","[{""sequence_id"": 1, ""operation"": ""Tank To Core"", ""workstation"": """", ""plant_floor"": """", ""wip_warehouse"": """", ""hour_rate"": 0, ""time_in_mins"": 1.0}, {""sequence_id"": 2, ""operation"": ""Angle Assembly"", ""workstation"": """", ""plant_floor"": """", ""wip_warehouse"": """", ""hour_rate"": 0, ""time_in_mins"": 1.0}, {""sequence_id"": 3, ""operation"": ""Leak Testing"", ""workstation"": """", ""plant_floor"": """", ""wip_warehouse"": """", ""hour_rate"": 0, ""time_in_mins"": 1.0}]"
BOM-RAD Top Tank Sub Assy-001,R215 RAD Top Tank Sub Assy,RAD Top Tank Sub Assy,1.0,Teksons Pvt Ltd,2026-07-10 18:12:02.977972,5,1,"[{""item_code"": ""Tank End Plate 97*62*5"", ""item_name"": ""Tank End Plate 97*62*5"", ""qty"": 2.0, ""uom"": ""Nos"", ""source_warehouse"": """", ""allow_alternative_item"": 0}, {""item_code"": ""Filler Neck 14PSI"", ""item_name"": ""Filler Neck 14PSI"", ""qty"": 1.0, ""uom"": ""Nos"", ""source_warehouse"": """", ""allow_alternative_item"": 0}, {""item_code"": ""Filler Neck Over Flow Pipe"", ""item_name"": ""Filler Neck Over Flow Pipe"", ""qty"": 1.0, ""uom"": ""Nos"", ""source_warehouse"": """", ""allow_alternative_item"": 0}, {""item_code"": ""R215 RAD Inlet and Outlet Pipe"", ""item_name"": ""RAD Inlet and Outlet Pipe"", ""qty"": 1.0, ""uom"": ""Nos"", ""source_warehouse"": """", ""allow_alternative_item"": 0}, {""item_code"": ""R215 RAD Top Tank"", ""item_name"": ""RAD Top Tank"", ""qty"": 1.0, ""uom"": ""Nos"", ""source_warehouse"": """", ""allow_alternative_item"": 0}]","[{""sequence_id"": 1, ""operation"": ""Ralu Weld Operation"", ""workstation"": """", ""plant_floor"": """", ""wip_warehouse"": """", ""hour_rate"": 0, ""time_in_mins"": 1.0}]"
BOM-RAD Top Tank-001,R215 RAD Top Tank,RAD Top Tank,1.0,Teksons Pvt Ltd,2026-07-10 18:12:02.938456,2,1,"[{""item_code"": ""Helicoil Insert M10 X 1.5 X 15 Mm"", ""item_name"": ""Helicoil Insert"", ""qty"": 4.0, ""uom"": ""Nos"", ""source_warehouse"": """", ""allow_alternative_item"": 0}, {""item_code"": ""R215 RAD Top and Bottom Tank"", ""item_name"": ""RAD Top & Bottom Tank"", ""qty"": 1.0, ""uom"": ""Nos"", ""source_warehouse"": """", ""allow_alternative_item"": 0}]","[{""sequence_id"": 1, ""operation"": ""Helicoil Insert"", ""workstation"": """", ""plant_floor"": """", ""wip_warehouse"": """", ""hour_rate"": 0, ""time_in_mins"": 1.0}]"
BOM-RAD Top & Bottom Tank-001,R215 RAD Top and Bottom Tank,RAD Top & Bottom Tank,1.0,Teksons Pvt Ltd,2026-07-10 18:12:02.911340,1,1,"[{""item_code"": ""Aluminium Extrusion No 0253OC-ALU-2-0005 70(H)*113(W)*7.5(T)*345LG"", ""item_name"": ""Aluminium Extrusion No 0253OC-ALU-2-0005 70(H)*113(W)*7.5(T)*345LG"", ""qty"": 1.0, ""uom"": ""Nos"", ""source_warehouse"": """", ""allow_alternative_item"": 0}]","[{""sequence_id"": 1, ""operation"": ""CNC Operation"", ""workstation"": """", ""plant_floor"": """", ""wip_warehouse"": """", ""hour_rate"": 0, ""time_in_mins"": 1.0}]"
BOM-RAD Inlet and Outlet Pipe-001,R215 RAD Inlet and Outlet Pipe,RAD Inlet and Outlet Pipe,1.0,Teksons Pvt Ltd,2026-07-10 18:12:02.856452,1,1,"[{""item_code"": ""Aluminium Pipe 48.6*5MM Thk"", ""item_name"": ""Aluminium Pipe 48.6*5MM Thk"", ""qty"": 0.18, ""uom"": ""Kg"", ""source_warehouse"": """", ""allow_alternative_item"": 0}]","[{""sequence_id"": 1, ""operation"": ""Cutting"", ""workstation"": """", ""plant_floor"": """", ""wip_warehouse"": """", ""hour_rate"": 0, ""time_in_mins"": 1.0}]"
BOM-Rad Bottom Tank Sub Assy-001,R215 RAD Bottom Tank Sub Assy,Rad Bottom Tank Sub Assy,1.0,Teksons Pvt Ltd,2026-07-10 18:12:02.807414,3,1,"[{""item_code"": ""R215 RAD Bottom Tank"", ""item_name"": ""Rad Bottom Tank"", ""qty"": 1.0, ""uom"": ""Nos"", ""source_warehouse"": """", ""allow_alternative_item"": 0}, {""item_code"": ""R215 RAD Inlet and Outlet Pipe"", ""item_name"": ""RAD Inlet and Outlet Pipe"", ""qty"": 1.0, ""uom"": ""Nos"", ""source_warehouse"": """", ""allow_alternative_item"": 0}, {""item_code"": ""Tank End Plate 97*62*5"", ""item_name"": ""Tank End Plate 97*62*5"", ""qty"": 2.0, ""uom"": ""Nos"", ""source_warehouse"": """", ""allow_alternative_item"": 0}]","[{""sequence_id"": 1, ""operation"": ""Ralu Weld Operation"", ""workstation"": """", ""plant_floor"": """", ""wip_warehouse"": """", ""hour_rate"": 0, ""time_in_mins"": 1.0}]"
BOM-Rad Bottom Tank-001,R215 RAD Bottom Tank,Rad Bottom Tank,1.0,Teksons Pvt Ltd,2026-07-10 18:12:02.768532,2,1,"[{""item_code"": ""R215 RAD Top and Bottom Tank"", ""item_name"": ""RAD Top & Bottom Tank"", ""qty"": 1.0, ""uom"": ""Nos"", ""source_warehouse"": """", ""allow_alternative_item"": 0}, {""item_code"": ""Helicoil Insert M10 X 1.5 X 15 Mm"", ""item_name"": ""Helicoil Insert"", ""qty"": 4.0, ""uom"": ""Nos"", ""source_warehouse"": """", ""allow_alternative_item"": 0}]","[{""sequence_id"": 2, ""operation"": ""Helicoil Insert"", ""workstation"": """", ""plant_floor"": """", ""wip_warehouse"": """", ""hour_rate"": 0, ""time_in_mins"": 1.0}]"
BOM-R215 OC and RAD Core End Plate2.5X110X1021-001,R215 OC and RAD Core End Plate2.5X110X1021,R215 OC and RAD Core End Plate2.5X110X1021,1.0,Teksons Pvt Ltd,2026-07-10 18:12:02.741149,1,1,"[{""item_code"": ""Aluminium Sheet 2.5MM Thk Without Cladded"", ""item_name"": ""Aluminium Sheet 2.5MM Thk Without Cladded"", ""qty"": 0.767, ""uom"": ""Kg"", ""source_warehouse"": """", ""allow_alternative_item"": 0}]","[{""sequence_id"": 1, ""operation"": ""Shearing"", ""workstation"": """", ""plant_floor"": """", ""wip_warehouse"": """", ""hour_rate"": 0, ""time_in_mins"": 1.0}]"
BOM-Oil Cooler-001,R215 OC,Oil Cooler,1.0,Teksons Pvt Ltd,2026-07-10 18:12:02.694336,8,3,"[{""item_code"": ""Drain Plug"", ""item_name"": ""Drain Plug"", ""qty"": 1.0, ""uom"": ""Nos"", ""source_warehouse"": """", ""allow_alternative_item"": 0}, {""item_code"": ""R215 OC Core"", ""item_name"": ""R215 OC Core"", ""qty"": 1.0, ""uom"": ""Nos"", ""source_warehouse"": """", ""allow_alternative_item"": 0}, {""item_code"": ""Rubber Seal"", ""item_name"": ""Rubber Seal"", ""qty"": 1.0, ""uom"": ""Nos"", ""source_warehouse"": """", ""allow_alternative_item"": 0}, {""item_code"": ""R215 OC Bottom Tank Sub Assy"", ""item_name"": ""OC Bottom Tank Sub Assy"", ""qty"": 1.0, ""uom"": ""Nos"", ""source_warehouse"": """", ""allow_alternative_item"": 0}, {""item_code"": ""R215 OC Top Tank Sub Assy"", ""item_name"": ""OC Top Tank Sub Assy"", ""qty"": 1.0, ""uom"": ""Nos"", ""source_warehouse"": """", ""allow_alternative_item"": 0}, {""item_code"": ""OC Inlet & Outlet Block 101X66X30"", ""item_name"": ""OC Inlet & Outlet Block 101X66X30"", ""qty"": 2.0, ""uom"": ""Nos"", ""source_warehouse"": """", ""allow_alternative_item"": 0}, {""item_code"": ""Condenser Mounting Block 31X19X25"", ""item_name"": ""Condenser Mtg. Block 31X19X25"", ""qty"": 2.0, ""uom"": ""Nos"", ""source_warehouse"": """", ""allow_alternative_item"": 0}, {""item_code"": ""Stay Block 50X25X150"", ""item_name"": ""Stay Block 50X25X150"", ""qty"": 1.0, ""uom"": ""Nos"", ""source_warehouse"": """", ""allow_alternative_item"": 0}]","[{""sequence_id"": 1, ""operation"": ""Tank To Core"", ""workstation"": """", ""plant_floor"": """", ""wip_warehouse"": """", ""hour_rate"": 0, ""time_in_mins"": 1.0}, {""sequence_id"": 2, ""operation"": ""Angle Assembly"", ""workstation"": """", ""plant_floor"": """", ""wip_warehouse"": """", ""hour_rate"": 0, ""time_in_mins"": 1.0}, {""sequence_id"": 3, ""operation"": ""Leak Testing"", ""workstation"": """", ""plant_floor"": """", ""wip_warehouse"": """", ""hour_rate"": 0, ""time_in_mins"": 1.0}]"
BOM-OC Top Tank Sub Assy-001,R215 OC Top Tank Sub Assy,OC Top Tank Sub Assy,1.0,Teksons Pvt Ltd,2026-07-10 18:12:02.653521,2,1,"[{""item_code"": ""Tank End Plate 96*62*8 For Extrusion No 0073C-ALU-2-0008"", ""item_name"": ""Tank End Plate For Extrusion No 0073C-ALU-2-0008"", ""qty"": 2.0, ""uom"": ""Nos"", ""source_warehouse"": """", ""allow_alternative_item"": 0}, {""item_code"": ""R215 OC Top Tank"", ""item_name"": ""R215 OC Top Tank"", ""qty"": 1.0, ""uom"": ""Nos"", ""source_warehouse"": """", ""allow_alternative_item"": 0}]","[{""sequence_id"": 1, ""operation"": ""Tank Assembly"", ""workstation"": """", ""plant_floor"": """", ""wip_warehouse"": """", ""hour_rate"": 0, ""time_in_mins"": 1.0}]"
BOM-R215 OC Top Tank-001,R215 OC Top Tank,R215 OC Top Tank,1.0,Teksons Pvt Ltd,2026-07-10 18:12:02.613296,2,1,"[{""item_code"": ""Helicoil Insert M10 X 1.5 X 15 Mm"", ""item_name"": ""Helicoil Insert"", ""qty"": 6.0, ""uom"": ""Nos"", ""source_warehouse"": """", ""allow_alternative_item"": 0}, {""item_code"": ""R215 OC Top & Bottom Tank 70x113x7.5x377LG"", ""item_name"": ""R215 OC Top & Bottom Tank 70x113x7.5x377LG"", ""qty"": 1.0, ""uom"": ""Nos"", ""source_warehouse"": """", ""allow_alternative_item"": 0}]","[{""sequence_id"": 2, ""operation"": ""Helicoil Insert"", ""workstation"": """", ""plant_floor"": """", ""wip_warehouse"": """", ""hour_rate"": 0, ""time_in_mins"": 1.0}]"
BOM-R215 OC Top & Bottom Tank 70x113x7.5x377LG-001,R215 OC Top & Bottom Tank 70x113x7.5x377LG,R215 OC Top & Bottom Tank 70x113x7.5x377LG,1.0,Teksons Pvt Ltd,2026-07-10 18:12:02.585138,1,2,"[{""item_code"": ""Aluminium Extrusion No 0073C-ALU-2-0008 70(H)*113(W)*7.5(T)*377LG"", ""item_name"": ""Aluminium Extrusion No 0073C-ALU-2-0008 70(H)*113(W)*7.5(T)*377LG"", ""qty"": 3.11, ""uom"": ""Kg"", ""source_warehouse"": """", ""allow_alternative_item"": 0}]","[{""sequence_id"": 1, ""operation"": ""Size Cutting"", ""workstation"": """", ""plant_floor"": """", ""wip_warehouse"": """", ""hour_rate"": 0, ""time_in_mins"": 1.0}, {""sequence_id"": 2, ""operation"": ""Drilling & Boring"", ""workstation"": """", ""plant_floor"": """", ""wip_warehouse"": """", ""hour_rate"": 0, ""time_in_mins"": 1.0}]"
BOM-OC Let Block-001,OC Inlet & Outlet Block 101X66X30,OC Inlet & Outlet Block 101X66X33,1.0,Teksons Pvt Ltd,2026-07-10 18:12:02.455731,2,2,"[{""item_code"": ""Aluminium Extrusion No 398C-ALU-2-0027 ( 101*66*33 )"", ""item_name"": ""Aluminium Extrusion No 398C-ALU-2-0027 ( 101*66*33 )"", ""qty"": 0.487, ""uom"": ""Kg"", ""source_warehouse"": """", ""allow_alternative_item"": 0}, {""item_code"": ""Helicoil Insert M10 X 1.5 X 15 Mm"", ""item_name"": ""Helicoil Insert"", ""qty"": 4.0, ""uom"": ""Nos"", ""source_warehouse"": """", ""allow_alternative_item"": 0}]","[{""sequence_id"": 1, ""operation"": ""Size Cutting"", ""workstation"": """", ""plant_floor"": """", ""wip_warehouse"": """", ""hour_rate"": 0, ""time_in_mins"": 1.0}, {""sequence_id"": 3, ""operation"": ""Helicoil Insert"", ""workstation"": """", ""plant_floor"": """", ""wip_warehouse"": """", ""hour_rate"": 0, ""time_in_mins"": 1.0}]"
BOM-R215 OC Core End Plate 5X165X1021-001,R215 OC Core End Plate 5X165X1021,R215 OC Core End Plate 5X165X1021,1.0,Teksons Pvt Ltd,2026-07-10 18:12:02.428100,1,1,"[{""item_code"": ""Aluminium Sheet 5MM Thk"", ""item_name"": ""Aluminium Sheet 5MM Thk"", ""qty"": 2.3, ""uom"": ""Kg"", ""source_warehouse"": """", ""allow_alternative_item"": 0}]","[{""sequence_id"": 1, ""operation"": ""Shearing"", ""workstation"": """", ""plant_floor"": """", ""wip_warehouse"": """", ""hour_rate"": 0, ""time_in_mins"": 1.0}]"
BOM-R215 OC Core End Plate 5X140X1021-001,R215 OC Core End Plate 5X140X1021,R215 OC Core End Plate 5X140X1021,1.0,Teksons Pvt Ltd,2026-07-10 18:12:02.395660,1,2,"[{""item_code"": ""R215 OC Core End Plate 5X165X1021"", ""item_name"": ""R215 OC Core End Plate 5X165X1021"", ""qty"": 1.0, ""uom"": ""Nos"", ""source_warehouse"": """", ""allow_alternative_item"": 0}]","[{""sequence_id"": 1, ""operation"": ""Folding"", ""workstation"": """", ""plant_floor"": """", ""wip_warehouse"": """", ""hour_rate"": 0, ""time_in_mins"": 1.0}, {""sequence_id"": 2, ""operation"": ""Sr. No. Punching"", ""workstation"": """", ""plant_floor"": """", ""wip_warehouse"": """", ""hour_rate"": 0, ""time_in_mins"": 1.0}]"
BOM-OC Bottom Tank Sub Assy-001,R215 OC Bottom Tank Sub Assy,OC Bottom Tank Sub Assy,1.0,Teksons Pvt Ltd,2026-07-10 18:12:02.348508,3,1,"[{""item_code"": ""R215 OC Bottom Tank"", ""item_name"": ""R215 OC Bottom Tank"", ""qty"": 1.0, ""uom"": ""Nos"", ""source_warehouse"": """", ""allow_alternative_item"": 0}, {""item_code"": ""0261Oc-Alu-2-004"", ""item_name"": ""Aluminium Bush 6063 Hyundai 8"", ""qty"": 1.0, ""uom"": ""Nos"", ""source_warehouse"": """", ""allow_alternative_item"": 1}, {""item_code"": ""Tank End Plate 96*62*8 For Extrusion No 0073C-ALU-2-0008"", ""item_name"": ""Tank End Plate 96*62*8 For Extrusion No 0073C-ALU-2-0008"", ""qty"": 2.0, ""uom"": ""Nos"", ""source_warehouse"": """", ""allow_alternative_item"": 0}]","[{""sequence_id"": 1, ""operation"": ""Tank Assembly"", ""workstation"": """", ""plant_floor"": """", ""wip_warehouse"": """", ""hour_rate"": 0, ""time_in_mins"": 1.0}]"
BOM-R215 OC Bottom Tank-001,R215 OC Bottom Tank,R215 OC Bottom Tank,1.0,Teksons Pvt Ltd,2026-07-10 18:12:02.305147,2,1,"[{""item_code"": ""R215 OC Top & Bottom Tank 70x113x7.5x377LG"", ""item_name"": ""R215 OC Top & Bottom Tank 70x113x7.5x377LG"", ""qty"": 1.0, ""uom"": ""Nos"", ""source_warehouse"": """", ""allow_alternative_item"": 0}, {""item_code"": ""Helicoil Insert M10 X 1.5 X 15 Mm"", ""item_name"": ""Helicoil Insert"", ""qty"": 6.0, ""uom"": ""Nos"", ""source_warehouse"": """", ""allow_alternative_item"": 0}]","[{""sequence_id"": 3, ""operation"": ""Helicoil Insert"", ""workstation"": """", ""plant_floor"": """", ""wip_warehouse"": """", ""hour_rate"": 0, ""time_in_mins"": 1.0}]"
BOM-LH – RH Condenser MTG BKT-001,R215 LH – RH Condenser MTG BKT,LH – RH Condenser MTG BKT,1.0,Teksons Pvt Ltd,2026-07-10 18:12:02.273957,1,1,"[{""item_code"": ""R215 LH \u2013 RH Condenser MTG BKT"", ""item_name"": ""LH \u2013 RH Condenser MTG BKT"", ""qty"": 1.0, ""uom"": ""Set"", ""source_warehouse"": """", ""allow_alternative_item"": 0}]","[{""sequence_id"": 1, ""operation"": ""Painting"", ""workstation"": """", ""plant_floor"": """", ""wip_warehouse"": """", ""hour_rate"": 0, ""time_in_mins"": 1.0}]"
BOM-Internal Fin For CAC 0.2*200*90-001,Internal Fin For CAC 0.2*200*90,Internal Fin For CAC 0.2*200*90,1.0,Teksons Pvt Ltd,2026-07-10 18:12:02.242679,1,1,"[{""item_code"": ""Aluminium Coil 0.2\u00d7200MM"", ""item_name"": ""Aluminium Coil 0.2\u00d7200MM"", ""qty"": 0.033, ""uom"": ""Kg"", ""source_warehouse"": """", ""allow_alternative_item"": 0}]","[{""sequence_id"": 1, ""operation"": ""Fin Forming"", ""workstation"": """", ""plant_floor"": """", ""wip_warehouse"": """", ""hour_rate"": 0, ""time_in_mins"": 1.0}]"
BOM-Internal Fin For CAC 0.2*140*90-001,Internal Fin For CAC 0.2*140*90,Internal Fin For CAC 0.2*140*90,1.0,Teksons Pvt Ltd,2026-07-10 18:12:02.212514,1,1,"[{""item_code"": ""Aluminium Coil 0.2\u00d7140"", ""item_name"": ""Aluminium Coil 0.2\u00d7140"", ""qty"": 0.023, ""uom"": ""Kg"", ""source_warehouse"": """", ""allow_alternative_item"": 0}]","[{""sequence_id"": 1, ""operation"": ""Fin Forming"", ""workstation"": """", ""plant_floor"": """", ""wip_warehouse"": """", ""hour_rate"": 0, ""time_in_mins"": 1.0}]"
BOM-R215 Fin For RAD 0.2*110*991-001,R215 Fin For RAD 0.2*110*991,R215 Fin For RAD 0.2*110*991,1.0,Teksons Pvt Ltd,2026-07-10 18:12:02.182662,1,1,"[{""item_code"": ""Aluminium Coil 0.2*110"", ""item_name"": ""Aluminium Coil 0.2*110"", ""qty"": 0.231, ""uom"": ""Kg"", ""source_warehouse"": """", ""allow_alternative_item"": 0}]","[{""sequence_id"": 1, ""operation"": ""Fin Forming"", ""workstation"": """", ""plant_floor"": """", ""wip_warehouse"": """", ""hour_rate"": 0, ""time_in_mins"": 1.0}]"
BOM-R215 Fin For OC 0.3*110*991-001,R215 Fin For OC 0.3*110*991,R215 Fin For OC 0.3*110*991,1.0,Teksons Pvt Ltd,2026-07-10 18:12:02.153441,1,1,"[{""item_code"": ""Aluminium Coil 0.3*110MM"", ""item_name"": ""Aluminium Coil 0.3*110MM"", ""qty"": 0.35, ""uom"": ""Kg"", ""source_warehouse"": """", ""allow_alternative_item"": 0}]","[{""sequence_id"": 1, ""operation"": ""Fin Forming"", ""workstation"": """", ""plant_floor"": """", ""wip_warehouse"": """", ""hour_rate"": 0, ""time_in_mins"": 1.0}]"
BOM-Fan Cowl-001,R215 Fan Cowl,Fan Cowl,1.0,Teksons Pvt Ltd,2026-07-10 18:12:02.123483,1,1,"[{""item_code"": ""R215 Fan Cowl"", ""item_name"": ""Fan Cowl"", ""qty"": 1.0, ""uom"": ""Nos"", ""source_warehouse"": """", ""allow_alternative_item"": 0}]","[{""sequence_id"": 1, ""operation"": ""Painting"", ""workstation"": """", ""plant_floor"": """", ""wip_warehouse"": """", ""hour_rate"": 0, ""time_in_mins"": 1.0}]"
BOM-Extruded Bar for OC and RAD 3*7*1021-001,Extruded Bar for OC and RAD 3*7*1021,Extruded Bar for OC and RAD 3*7*1021,1.0,Teksons Pvt Ltd,2026-07-10 18:12:02.094223,1,1,"[{""item_code"": ""Aluminium Extruded Bar (ALU-STD-0043)(3*7)"", ""item_name"": ""Aluminium Extruded Bar (ALU-STD-0043)(3*7)"", ""qty"": 0.059, ""uom"": ""Kg"", ""source_warehouse"": """", ""allow_alternative_item"": 0}]","[{""sequence_id"": 1, ""operation"": ""Bar Cutting"", ""workstation"": """", ""plant_floor"": """", ""wip_warehouse"": """", ""hour_rate"": 0, ""time_in_mins"": 1.0}]"
BOM-R215 External Fin For CAC 0.3*110*911-001,R215 External Fin For CAC 0.3*110*911,R215 External Fin For CAC 0.3*110*911,1.0,Teksons Pvt Ltd,2026-07-10 18:12:02.064496,1,1,"[{""item_code"": ""Aluminium Coil 0.3*110MM"", ""item_name"": ""Aluminium Coil 0.3*110MM"", ""qty"": 0.322, ""uom"": ""Kg"", ""source_warehouse"": """", ""allow_alternative_item"": 0}]","[{""sequence_id"": 1, ""operation"": ""Fin Forming"", ""workstation"": """", ""plant_floor"": """", ""wip_warehouse"": """", ""hour_rate"": 0, ""time_in_mins"": 1.0}]"
BOM-R215 External Fin For CAC 0.2*110*911-001,R215 External Fin For CAC 0.2*110*911,R215 External Fin For CAC 0.2*110*911,1.0,Teksons Pvt Ltd,2026-07-10 18:12:02.034859,1,1,"[{""item_code"": ""Aluminium Coil 0.2*110"", ""item_name"": ""Aluminium Coil 0.2*110"", ""qty"": 0.215, ""uom"": ""Kg"", ""source_warehouse"": """", ""allow_alternative_item"": 0}]","[{""sequence_id"": 1, ""operation"": ""Fin Forming"", ""workstation"": """", ""plant_floor"": """", ""wip_warehouse"": """", ""hour_rate"": 0, ""time_in_mins"": 1.0}]"
BOM-R215 RAD Core-001,R215 RAD Core,R215 RAD Core,1.0,Teksons Pvt Ltd,2026-07-10 18:12:01.931053,8,2,"[{""item_code"": ""R215 RAD Core End Plate2.5X110X1021"", ""item_name"": ""R215 RAD Core End Plate2.5X110X1021"", ""qty"": 2.0, ""uom"": ""Nos"", ""source_warehouse"": """", ""allow_alternative_item"": 0}, {""item_code"": ""Extruded Bar for OC and RAD 3*7*1021"", ""item_name"": ""Extruded Bar for OC and RAD 3*7*1021"", ""qty"": 48.0, ""uom"": ""Nos"", ""source_warehouse"": """", ""allow_alternative_item"": 0}, {""item_code"": ""R215 Fin For OC 0.3*110*991"", ""item_name"": ""R215 Fin For OC 0.3*110*991"", ""qty"": 6.0, ""uom"": ""Nos"", ""source_warehouse"": """", ""allow_alternative_item"": 0}, {""item_code"": ""R215 Fin For RAD 0.2*110*991"", ""item_name"": ""R215 Fin For RAD 0.2*110*991"", ""qty"": 19.0, ""uom"": ""Nos"", ""source_warehouse"": """", ""allow_alternative_item"": 0}, {""item_code"": ""Spacer Bar 9.5\u00d715\u00d7110"", ""item_name"": ""Spacer Bar 9.5\u00d715\u00d7110"", ""qty"": 50.0, ""uom"": ""Nos"", ""source_warehouse"": """", ""allow_alternative_item"": 0}, {""item_code"": ""R215 RAD Tube Sheet 0.6*110*1021"", ""item_name"": ""Tube sheet for RAD 0.6*110*1021"", ""qty"": 50.0, ""uom"": ""Nos"", ""source_warehouse"": """", ""allow_alternative_item"": 0}, {""item_code"": ""Turbulator 0.2*250*96.0"", ""item_name"": ""Turbulator 0.2*250*96.0"", ""qty"": 12.0, ""uom"": ""Nos"", ""source_warehouse"": """", ""allow_alternative_item"": 0}, {""item_code"": ""Turbulator 0.2*300*96.0"", ""item_name"": ""Turbulator 0.2*300*96.0"", ""qty"": 72.0, ""uom"": ""Nos"", ""source_warehouse"": """", ""allow_alternative_item"": 0}]","[{""sequence_id"": 1, ""operation"": ""Core Assembly"", ""workstation"": """", ""plant_floor"": """", ""wip_warehouse"": """", ""hour_rate"": 0, ""time_in_mins"": 1.0}, {""sequence_id"": 2, ""operation"": ""Core Brazing"", ""workstation"": """", ""plant_floor"": """", ""wip_warehouse"": """", ""hour_rate"": 0, ""time_in_mins"": 1.0}]"
BOM-R215 OC Core-001,R215 OC Core,R215 OC Core,1.0,Teksons Pvt Ltd,2026-07-10 18:12:01.820054,8,2,"[{""item_code"": ""R215 OC and RAD Core End Plate2.5X110X1021"", ""item_name"": ""R215 OC and RAD Core End Plate2.5X110X1021"", ""qty"": 1.0, ""uom"": ""Nos"", ""source_warehouse"": """", ""allow_alternative_item"": 0}, {""item_code"": ""Extruded Bar for OC and RAD 3*7*1021"", ""item_name"": ""Extruded Bar for OC and RAD 3*7*1021"", ""qty"": 78.0, ""uom"": ""Nos"", ""source_warehouse"": """", ""allow_alternative_item"": 0}, {""item_code"": ""R215 Fin For OC 0.3*110*991"", ""item_name"": ""R215 Fin For OC 0.3*110*991"", ""qty"": 27.0, ""uom"": ""Nos"", ""source_warehouse"": """", ""allow_alternative_item"": 0}, {""item_code"": ""R215 OC Core End Plate 5X140X1021"", ""item_name"": ""R215 OC Core End Plate 5X140X1021"", ""qty"": 1.0, ""uom"": ""Nos"", ""source_warehouse"": """", ""allow_alternative_item"": 0}, {""item_code"": ""Spacer Bar 9.5\u00d715\u00d7110"", ""item_name"": ""Spacer Bar 9.5\u00d715\u00d7110"", ""qty"": 54.0, ""uom"": ""Nos"", ""source_warehouse"": """", ""allow_alternative_item"": 0}, {""item_code"": ""R215 OC Tube Sheet 0.7*110*1021"", ""item_name"": ""Tube Sheet for OC 0.7*110*1021"", ""qty"": 54.0, ""uom"": ""Nos"", ""source_warehouse"": """", ""allow_alternative_item"": 0}, {""item_code"": ""Turbulator 0.3*250*44.5"", ""item_name"": ""Turbulator 0.3*250*44.5"", ""qty"": 26.0, ""uom"": ""Nos"", ""source_warehouse"": """", ""allow_alternative_item"": 0}, {""item_code"": ""Turbulator 0.3*300*44.5"", ""item_name"": ""Turbulator 0.3*300*44.5"", ""qty"": 156.0, ""uom"": ""Nos"", ""source_warehouse"": """", ""allow_alternative_item"": 0}]","[{""sequence_id"": 1, ""operation"": ""Core Assembly"", ""workstation"": """", ""plant_floor"": """", ""wip_warehouse"": """", ""hour_rate"": 0, ""time_in_mins"": 1.0}, {""sequence_id"": 2, ""operation"": ""Core Brazing"", ""workstation"": """", ""plant_floor"": """", ""wip_warehouse"": """", ""hour_rate"": 0, ""time_in_mins"": 1.0}]"
BOM-R215 CAC Core-001,R215 CAC Core,R215 CAC Core,1.0,Teksons Pvt Ltd,2026-07-10 18:12:01.704637,9,2,"[{""item_code"": ""R215 CAC Core End Plate 2.5X110X941"", ""item_name"": ""R215 CAC Core End Plate 2.5X110X941"", ""qty"": 1.0, ""uom"": ""Nos"", ""source_warehouse"": """", ""allow_alternative_item"": 0}, {""item_code"": ""R215 CAC Core End Plate 5X140X941"", ""item_name"": ""R215 CAC Core End Plate 5X140X941"", ""qty"": 1.0, ""uom"": ""Nos"", ""source_warehouse"": """", ""allow_alternative_item"": 0}, {""item_code"": ""R215 External Fin For CAC 0.2*110*911"", ""item_name"": ""R215 External Fin For CAC 0.2*110*911"", ""qty"": 6.0, ""uom"": ""Nos"", ""source_warehouse"": """", ""allow_alternative_item"": 0}, {""item_code"": ""R215 External Fin For CAC 0.3*110*911"", ""item_name"": ""R215 External Fin For CAC 0.3*110*911"", ""qty"": 4.0, ""uom"": ""Nos"", ""source_warehouse"": """", ""allow_alternative_item"": 0}, {""item_code"": ""Internal Fin For CAC 0.2*140*90"", ""item_name"": ""Internal Fin For CAC 0.2*140*90"", ""qty"": 9.0, ""uom"": ""Nos"", ""source_warehouse"": """", ""allow_alternative_item"": 0}, {""item_code"": ""Internal Fin For CAC 0.2*200*90"", ""item_name"": ""Internal Fin For CAC 0.2*200*90"", ""qty"": 36.0, ""uom"": ""Nos"", ""source_warehouse"": """", ""allow_alternative_item"": 0}, {""item_code"": ""Spacer Bar 9.5\u00d715\u00d7110"", ""item_name"": ""Spacer Bar 9.5\u00d715\u00d7110"", ""qty"": 20.0, ""uom"": ""Nos"", ""source_warehouse"": """", ""allow_alternative_item"": 0}, {""item_code"": ""R215 Spacer Bar for CAC 8*10*941"", ""item_name"": ""R215 Spacer Bar for CAC 8*10*941"", ""qty"": 18.0, ""uom"": ""Nos"", ""source_warehouse"": """", ""allow_alternative_item"": 0}, {""item_code"": ""R215 Tube Sheet For CAC 0.6*110*941"", ""item_name"": ""R215 Tube Sheet For CAC 0.6*110*941"", ""qty"": 20.0, ""uom"": ""Nos"", ""source_warehouse"": """", ""allow_alternative_item"": 0}]","[{""sequence_id"": 1, ""operation"": ""Core Assembly"", ""workstation"": """", ""plant_floor"": """", ""wip_warehouse"": """", ""hour_rate"": 0, ""time_in_mins"": 1.0}, {""sequence_id"": 2, ""operation"": ""Core Brazing"", ""workstation"": """", ""plant_floor"": """", ""wip_warehouse"": """", ""hour_rate"": 0, ""time_in_mins"": 1.0}]"
BOM-Condenser Mounting Block-001,Condenser Mounting Block 31X19X25,Condenser Mtg. Block 31X19X25,1.0,Teksons Pvt Ltd,2026-07-10 18:12:01.664004,2,3,"[{""item_code"": ""Aluminium Extrusion No 0.0318C-ALU-2-0033 (31*19*25)"", ""item_name"": ""Aluminium Extrusion No 0.0318C-ALU-2-0033 (31*19*25)"", ""qty"": 0.393, ""uom"": ""Kg"", ""source_warehouse"": """", ""allow_alternative_item"": 0}, {""item_code"": ""Helicoil Insert M8 X 1.25 X 16Mm (2 D)"", ""item_name"": ""Helicoil Insert M8 X 1.25 X 16Mm (2 D)"", ""qty"": 1.0, ""uom"": ""Nos"", ""source_warehouse"": """", ""allow_alternative_item"": 1}]","[{""sequence_id"": 1, ""operation"": ""Size Cutting"", ""workstation"": """", ""plant_floor"": """", ""wip_warehouse"": """", ""hour_rate"": 0, ""time_in_mins"": 1.0}, {""sequence_id"": 2, ""operation"": ""Drilling & Boring"", ""workstation"": """", ""plant_floor"": """", ""wip_warehouse"": """", ""hour_rate"": 0, ""time_in_mins"": 1.0}, {""sequence_id"": 3, ""operation"": ""Helicoil Insert"", ""workstation"": """", ""plant_floor"": """", ""wip_warehouse"": """", ""hour_rate"": 0, ""time_in_mins"": 1.0}]"
BOM-CAC Top Tank Sub Assy-001,R215 CAC Top Tank Sub Assy,CAC Top Tank Sub Assy,1.0,Teksons Pvt Ltd,2026-07-10 18:12:01.596167,3,1,"[{""item_code"": ""Tank End Plate 101.5*96*5 for Extrusion No 0239C-ALU-2-0001"", ""item_name"": ""Tank End Plate for Extrusion No 0239C-ALU-2-0001"", ""qty"": 2.0, ""uom"": ""Nos"", ""source_warehouse"": """", ""allow_alternative_item"": 0}, {""item_code"": ""R215 CAC Inlet and Outlet Pipe"", ""item_name"": ""CAC Inlet and Outlet Pipe"", ""qty"": 1.0, ""uom"": ""Nos"", ""source_warehouse"": """", ""allow_alternative_item"": 0}, {""item_code"": ""R215 CAC Top Tank"", ""item_name"": ""R215 CAC Top Tank"", ""qty"": 1.0, ""uom"": ""Nos"", ""source_warehouse"": """", ""allow_alternative_item"": 0}]","[{""sequence_id"": 1, ""operation"": ""Tank Assembly"", ""workstation"": """", ""plant_floor"": """", ""wip_warehouse"": """", ""hour_rate"": 0, ""time_in_mins"": 1.0}]"
BOM-R215 CAC Top Tank-001,R215 CAC Top Tank,R215 CAC Top Tank,1.0,Teksons Pvt Ltd,2026-07-10 18:12:01.553508,2,2,"[{""item_code"": ""R215 CAC Top and Bottom Tank 110x113x7.5x186LG"", ""item_name"": ""R215 CAC Top and Bottom Tank 110x113x7.5x186LG"", ""qty"": 1.0, ""uom"": ""Nos"", ""source_warehouse"": """", ""allow_alternative_item"": 0}, {""item_code"": ""Helicoil Insert M10 X 1.5 X 15 Mm"", ""item_name"": ""Helicoil Insert"", ""qty"": 4.0, ""uom"": ""Nos"", ""source_warehouse"": """", ""allow_alternative_item"": 0}]","[{""sequence_id"": 1, ""operation"": ""Drilling & Boring"", ""workstation"": """", ""plant_floor"": """", ""wip_warehouse"": """", ""hour_rate"": 0, ""time_in_mins"": 1.0}, {""sequence_id"": 2, ""operation"": ""Helicoil Insert"", ""workstation"": """", ""plant_floor"": """", ""wip_warehouse"": """", ""hour_rate"": 0, ""time_in_mins"": 1.0}]"
BOM-R215 CAC Top and Bottom Tank 110x113x7.5x186LG-001,R215 CAC Top and Bottom Tank 110x113x7.5x186LG,R215 CAC Top and Bottom Tank 110x113x7.5x186LG,1.0,Teksons Pvt Ltd,2026-07-10 18:12:01.523920,1,1,"[{""item_code"": ""Aluminium Extrusion No 0239C-ALU-2-0001 110(H)*113(W)*7.5(T)*186Kg"", ""item_name"": ""Aluminium Extrusion No 0239C-ALU-2-0001 110(H)*113(W)*7.5(T)*186Kg"", ""qty"": 1.81, ""uom"": ""Kg"", ""source_warehouse"": """", ""allow_alternative_item"": 0}]","[{""sequence_id"": 1, ""operation"": ""Size Cutting"", ""workstation"": """", ""plant_floor"": """", ""wip_warehouse"": """", ""hour_rate"": 0, ""time_in_mins"": 1.0}]"
BOM-CAC Inlet and Outlet Pipe-001,R215 CAC Inlet and Outlet Pipe,CAC Inlet and Outlet Pipe,1.0,Teksons Pvt Ltd,2026-07-10 18:12:01.422700,1,1,"[{""item_code"": ""Aluminium Pipe \u2300 76.0*3MM Thk"", ""item_name"": ""Aluminium Pipe \u2300 76.0*3MM Thk"", ""qty"": 0.253, ""uom"": ""Kg"", ""source_warehouse"": """", ""allow_alternative_item"": 0}]","[{""sequence_id"": 1, ""operation"": ""Pipe Cutting"", ""workstation"": """", ""plant_floor"": """", ""wip_warehouse"": """", ""hour_rate"": 0, ""time_in_mins"": 1.0}]"
BOM-R215 CAC Core End Plate 5X165X941-001,R215 CAC Core End Plate 5X165X941,R215 CAC Core End Plate 5X165X941,1.0,Teksons Pvt Ltd,2026-07-10 18:12:01.392769,1,1,"[{""item_code"": ""Aluminium Sheet 5MM Thk"", ""item_name"": ""Aluminium Sheet 5MM Thk"", ""qty"": 2.12, ""uom"": ""Kg"", ""source_warehouse"": """", ""allow_alternative_item"": 0}]","[{""sequence_id"": 1, ""operation"": ""Shearing"", ""workstation"": """", ""plant_floor"": """", ""wip_warehouse"": """", ""hour_rate"": 0, ""time_in_mins"": 1.0}]"
BOM-R215 CAC Core End Plate 5X140X941-001,R215 CAC Core End Plate 5X140X941,R215 CAC Core End Plate 5X140X941,1.0,Teksons Pvt Ltd,2026-07-10 18:12:01.359501,1,2,"[{""item_code"": ""R215 CAC Core End Plate 5X165X941"", ""item_name"": ""R215 CAC Core End Plate 5X165X941"", ""qty"": 1.0, ""uom"": ""Nos"", ""source_warehouse"": """", ""allow_alternative_item"": 0}]","[{""sequence_id"": 1, ""operation"": ""Folding"", ""workstation"": """", ""plant_floor"": """", ""wip_warehouse"": """", ""hour_rate"": 0, ""time_in_mins"": 1.0}, {""sequence_id"": 2, ""operation"": ""Sr. No. Punching"", ""workstation"": """", ""plant_floor"": """", ""wip_warehouse"": """", ""hour_rate"": 0, ""time_in_mins"": 1.0}]"
BOM-R215 CAC Core End Plate 2.5X110X941-001,R215 CAC Core End Plate 2.5X110X941,R215 CAC Core End Plate 2.5X110X941,1.0,Teksons Pvt Ltd,2026-07-10 18:12:01.329224,1,1,"[{""item_code"": ""Aluminium Sheet 2.5MM Thk Without Cladded"", ""item_name"": ""Aluminium Sheet 2.5MM Thk Without Cladded"", ""qty"": 0.706, ""uom"": ""Kg"", ""source_warehouse"": """", ""allow_alternative_item"": 0}]","[{""sequence_id"": 1, ""operation"": ""Shearing"", ""workstation"": """", ""plant_floor"": """", ""wip_warehouse"": """", ""hour_rate"": 0, ""time_in_mins"": 1.0}]"
BOM-R215 Bottom Flyscreen Wire Mash 903X475-001,R215 Bottom Flyscreen Wire Mash 903X475,R215 Bottom Flyscreen Wire Mesh 903X475,1.0,Teksons Pvt Ltd,2026-07-10 18:12:01.272872,1,1,"[{""item_code"": ""MS"", ""item_name"": ""MS"", ""qty"": 0.282, ""uom"": ""Kg"", ""source_warehouse"": """", ""allow_alternative_item"": 0}]","[{""sequence_id"": 1, ""operation"": ""Rolling & Cutting"", ""workstation"": """", ""plant_floor"": """", ""wip_warehouse"": """", ""hour_rate"": 0, ""time_in_mins"": 1.0}]"
BOM-R215 Bottom Flyscreen Center Plate 453X10X2-001,R215 Bottom Flyscreen Center Plate 453X10X2,R215 Bottom Flyscreen Center Plate 453X10X2,1.0,Teksons Pvt Ltd,2026-07-10 18:12:01.241365,1,1,"[{""item_code"": ""MS \u2013 2MM Thk"", ""item_name"": ""MS \u2013 2MM Thk"", ""qty"": 0.071, ""uom"": ""Kg"", ""source_warehouse"": """", ""allow_alternative_item"": 0}]","[{""sequence_id"": 1, ""operation"": ""Shearing"", ""workstation"": """", ""plant_floor"": """", ""wip_warehouse"": """", ""hour_rate"": 0, ""time_in_mins"": 1.0}]"
BOM-R215 Bottom Flyscreen Assembly-001,R215 Bottom Flyscreen Assembly,R215 Bottom Flyscreen Assembly,1.0,Teksons Pvt Ltd,2026-07-10 18:12:01.170551,5,2,"[{""item_code"": ""R215 Bottom Flyscreen Wire Mash 903X475"", ""item_name"": ""R215 Bottom Flyscreen Wire Mesh 903X475"", ""qty"": 1.0, ""uom"": ""Nos"", ""source_warehouse"": """", ""allow_alternative_item"": 0}, {""item_code"": ""U Piece Angle-1 for Flyscreen - 910(L)*15(W)*7(T)"", ""item_name"": ""U Piece Angle-1 for Flyscreen - 910(L)*15(W)*7(T)"", ""qty"": 2.0, ""uom"": ""Nos"", ""source_warehouse"": """", ""allow_alternative_item"": 0}, {""item_code"": ""U Piece Angle-2 for Flyscreen - 529(W)*15(H)*7(T)"", ""item_name"": ""U Piece Angle-2 for Flyscreen - 529(W)*15(H)*7(T)"", ""qty"": 2.0, ""uom"": ""Nos"", ""source_warehouse"": """", ""allow_alternative_item"": 0}, {""item_code"": ""R215 Bottom Flyscreen Center Plate 453X10X2"", ""item_name"": ""R215 Bottom Flyscreen Center Plate 453X10X2"", ""qty"": 2.0, ""uom"": ""Nos"", ""source_warehouse"": """", ""allow_alternative_item"": 0}, {""item_code"": ""R215 Top and Bottom Flyscreen Mounting Plate 35X30X2"", ""item_name"": ""R215 Top and Bottom Flyscreen Mounting Plate 35X30X2"", ""qty"": 4.0, ""uom"": ""Nos"", ""source_warehouse"": """", ""allow_alternative_item"": 0}]","[{""sequence_id"": 1, ""operation"": ""Assembly"", ""workstation"": """", ""plant_floor"": """", ""wip_warehouse"": """", ""hour_rate"": 0, ""time_in_mins"": 1.0}, {""sequence_id"": 1, ""operation"": ""Painting"", ""workstation"": """", ""plant_floor"": """", ""wip_warehouse"": """", ""hour_rate"": 0, ""time_in_mins"": 1.0}]"
BOM-R215 Bottom Cover Assembly-001,R215 Bottom Cover Assembly,R215 Bottom Cover Assembly,1.0,Teksons Pvt Ltd,2026-07-10 18:12:01.092206,1,1,"[{""item_code"": ""R215 Bottom Cover Assembly"", ""item_name"": ""R215 Bottom Cover Assembly"", ""qty"": 1.0, ""uom"": ""Nos"", ""source_warehouse"": """", ""allow_alternative_item"": 0}]","[{""sequence_id"": 1, ""operation"": ""Painting"", ""workstation"": """", ""plant_floor"": """", ""wip_warehouse"": """", ""hour_rate"": 0, ""time_in_mins"": 1.0}]"
