"ID","Naming Series","Work Order","Company","Operation","WIP Warehouse","Workstation","For Qty.","Posting Date","Total Completed Qty","Process Loss Qty","Item Code","Production Item","BOM No","Actual Production Qty","BOM Qty per Unit","Expected Time Required (in Minutes)","Expected Start Date","Expected Time Required (In Mins)","Expected End Date","Actual Start Date","Total Time in Mins","Actual End Date","Start Status","Workstation Type","Plant Floor","Can Start Operation","Dependency Status","Material Available for Operation","Material Status Details","Quality Inspection Template","Quality Inspection","For Job Card","Is Corrective Job Card","Hour Rate","For Operation","Project","Item Name","FG Qty from Transferred Raw Materials","Requested Qty","Status","Operation Row Number","Operation ID","Sequence Id","Remarks","Serial and Batch Bundle","Batch No","Serial No","Barcode","Job Started","Started Time","Current Time","Amended From","ID (Employee)","Completed Qty (Employee)","Employee (Employee)","From Time (Employee)","Operation (Employee)","Time In Mins (Employee)","To Time (Employee)","ID (Scheduled Time Logs)","From Time (Scheduled Time Logs)","Time (In Mins) (Scheduled Time Logs)","To Time (Scheduled Time Logs)","ID (Time Logs)","Completed Qty (Time Logs)","Employee (Time Logs)","From Time (Time Logs)","Operation (Time Logs)","Time In Mins (Time Logs)","To Time (Time Logs)","ID (Sub Operations)","Completed Qty (Sub Operations)","Completed Time (Sub Operations)","Operation (Sub Operations)","Status (Sub Operations)","ID (Items)","Allow Alternative Item (Items)","Description (Items)","Item Code (Items)","Item Group (Items)","Item Name (Items)","Required Qty (Items)","Source Warehouse (Items)","Stock UOM (Items)","Transferred Qty (Items)","UOM (Items)","ID (Scrap Items)","Description (Scrap Items)","Qty (Scrap Items)","Scrap Item Code (Scrap Items)","Scrap Item Name (Scrap Items)","Stock UOM (Scrap Items)"
"JC-WO/260714/0016-001","JC-.{work_order}.-.###.","WO/260714/0016","Teksons Pvt Ltd","Size Cutting","WIP Warehouse - TPL","W-26_Accurate Cutting Machine",4.0,"2026-07-14",4.0,0.0,"","Tank End Plate 110×5*595MM","BOM-Tank End Plate 110×5*595MM-001",4.0,0.0,0.0,"",0.0,"","2026-07-16 09:59:45",0.04998,"2026-07-16 09:59:48","Awaiting","Accurate Cutting","CNC",0,"",0,"","","","",0,0.0,"","","Tank End Plate 110×5*595MM",0.0,0.0,"Completed","","11rk32hvif",1,"","","","","",0,"",0,"","bhvgr2snqq",0.0,"HR-EMP-00001","","",0.0,"","","","","","bhvohrllq0",4.0,"HR-EMP-00001","2026-07-16 09:59:45","",0.04998,"2026-07-16 09:59:48","","","","","","","","","","","","","","","","","","","","","",""
"JC-WO/260714/0062-001","JC-.{work_order}.-.###.","WO/260714/0062","Teksons Pvt Ltd","Blanking","WIP Warehouse - TPL","RP-26_Hydraulic Press",18.0,"2026-07-14",0.0,0.0,"","Tank End Plate 97*62*5","BOM-Tank End Plate 97*62*5-001",18.0,0.0,0.0,"",0.0,"","",0.0,"","Awaiting Material","Corner Cutting, Punching, Folding and Blanking","RP",0,"Waiting",0,"Work Order Status : Not Started","","","",0,0.0,"","","Tank End Plate 97*62*5",0.0,0.0,"Open","","0rgmgkfkun",1,"","","","","",0,"",0,"","","","","","","","","","","","","","","","","","","","","","","","","","","","","","","","","","","","","","","","",""
"JC-WO/260714/0015-001","JC-.{work_order}.-.###.","WO/260714/0015","Teksons Pvt Ltd","Blanking","WIP Warehouse - TPL","RP-26_Hydraulic Press",18.0,"2026-07-14",18.0,0.0,"","Tank End Plate 101.5*96*5 for Extrusion No 0239C-ALU-2-0001","BOM-Tank End Plate for Extrusion No 0239C-ALU-2-0001-001",18.0,0.0,0.0,"",0.0,"","2026-07-25 13:50:38",0.03336,"2026-07-25 13:50:40","Completed","Corner Cutting, Punching, Folding and Blanking","RP",1,"Completed",1,"Operation Completed","","","",0,0.0,"","","Tank End Plate 101.5*96*5 for Extrusion No 0239C-ALU-2-0001",0.0,0.0,"Completed","","0nbkg8h2ej",1,"","","","","",0,"",0,"","sisj120alk",0.0,"HR-EMP-00001","","",0.0,"","","","","","sis4m2t36t",18.0,"HR-EMP-00001","2026-07-25 13:50:38","",0.03336,"2026-07-25 13:50:40","","","","","","","","","","","","","","","","","","","","","",""
"JC-WO/260714/0038-001","JC-.{work_order}.-.###.","WO/260714/0038","Teksons Pvt Ltd","Fin Forming","WIP Warehouse - TPL","AL-M-16_Zig-Zag Fin Machine",132.0,"2026-07-14",132.0,0.0,"","R215 Fin For OC 0.3*110*991","BOM-R215 Fin For OC 0.3*110*991-001",132.0,0.0,0.0,"",0.0,"","2026-07-25 13:45:12",0.06666,"2026-07-25 13:45:16","Completed","Fin Forming and Cutting","Ralu In",1,"Completed",1,"Operation Completed","","","",0,0.0,"","","R215 Fin For OC 0.3*110*991",0.0,0.0,"Completed","","t4mvp1okp5",1,"","","","","",0,"",0,"","pcsug70a21",0.0,"HR-EMP-00001","","",0.0,"","","","","","pcs1p6nke8",132.0,"HR-EMP-00001","2026-07-25 13:45:12","",0.06666,"2026-07-25 13:45:16","","","","","","","","","","","","","","","","","","","","","",""
"JC-WO/260714/0037-001","JC-.{work_order}.-.###.","WO/260714/0037","Teksons Pvt Ltd","Bar Cutting","WIP Warehouse - TPL","Bar_Circular Saw Machine",504.0,"2026-07-14",504.0,0.0,"","Extruded Bar for OC and RAD 3*7*1021","BOM-Extruded Bar for OC and RAD 3*7*1021-001",504.0,0.0,0.0,"",0.0,"","2026-07-25 13:44:57",0.01668,"2026-07-25 13:44:58","Completed","Aluminium Bar Cutting","Ralu In",1,"Completed",1,"Operation Completed","","","",0,0.0,"","","Extruded Bar for OC and RAD 3*7*1021",0.0,0.0,"Completed","","t4mk05gcun",1,"","","","","",0,"",0,"","p84j1b1jbk",0.0,"HR-EMP-00001","","",0.0,"","","","","","p842b9lgu7",504.0,"HR-EMP-00001","2026-07-25 13:44:57","",0.01668,"2026-07-25 13:44:58","","","","","","","","","","","","","","","","","","","","","",""
"JC-WO/260714/0036-001","JC-.{work_order}.-.###.","WO/260714/0036","Teksons Pvt Ltd","Shearing","WIP Warehouse - TPL","W01_Shearing Machine",12.0,"2026-07-14",12.0,0.0,"","R215 OC and RAD Core End Plate2.5X110X1021","BOM-R215 OC and RAD Core End Plate2.5X110X1021-001",12.0,0.0,0.0,"",0.0,"","2026-07-16 09:55:25",0.04998,"2026-07-16 09:55:28","Awaiting","Shearing Machine","W",0,"",0,"","","","",0,0.0,"","","R215 OC and RAD Core End Plate2.5X110X1021",0.0,0.0,"Completed","","t4m0ocgcbo",1,"","","","","",0,"",0,"","90qkupomq4",0.0,"HR-EMP-00001","","",0.0,"","","","","","90qhtsnj2l",12.0,"HR-EMP-00001","2026-07-16 09:55:25","",0.04998,"2026-07-16 09:55:28","","","","","","","","","","","","","","","","","","","","","",""
"JC-WO/260714/0035-002","JC-.{work_order}.-.###.","WO/260714/0035","Teksons Pvt Ltd","Core Brazing","WIP Warehouse - TPL","Brazing Furnace",4.0,"2026-07-14",4.0,0.0,"","R215 OC Core","BOM-R215 OC Core-001",4.0,0.0,0.0,"",0.0,"","2026-07-25 13:46:57",0.03336,"2026-07-25 13:46:59","Completed","Brazing Furnace","Ralu In",1,"Completed",1,"Operation Completed","","","",0,0.0,"","","R215 OC Core",0.0,0.0,"Completed","","t4m1bdst1e",2,"","","","","",0,"",0,"","qdpmrt27bl",0.0,"HR-EMP-00001","","",0.0,"","","","","","qdpabgnj9j",4.0,"HR-EMP-00001","2026-07-25 13:46:57","",0.03336,"2026-07-25 13:46:59","","","","","","","","","","","","","","","","","","","","","",""
"JC-WO/260714/0035-001","JC-.{work_order}.-.###.","WO/260714/0035","Teksons Pvt Ltd","Core Assembly","WIP Warehouse - TPL","01_Fixing Table",4.0,"2026-07-14",4.0,0.0,"","R215 OC Core","BOM-R215 OC Core-001",4.0,0.0,0.0,"",0.0,"","2026-07-25 13:44:18",0.48336,"2026-07-25 13:44:47","Completed","Core Fixing","Ralu In",1,"Completed",1,"Operation Completed","","","",0,0.0,"","","R215 OC Core",0.0,0.0,"Completed","","t4mtmvfihs",1,"","","","","",0,"",0,"","os6t8q7bbq",0.0,"HR-EMP-00001","","",0.0,"","","","","","os6epkvn5f",4.0,"HR-EMP-00001","2026-07-25 13:44:18","",0.48336,"2026-07-25 13:44:47","","","","","","","","","","","","","","","","","","","","","",""
"JC-WO/260714/0034-003","JC-.{work_order}.-.###.","WO/260714/0034","Teksons Pvt Ltd","Leak Testing","WIP Warehouse - TPL","01_Leak Test Tank",4.0,"2026-07-14",4.0,0.0,"","R215 OC","BOM-Oil Cooler-001",4.0,0.0,0.0,"",0.0,"","2026-07-25 14:08:35",0.01668,"2026-07-25 14:08:36","Completed","Leak Test","Ralu Weld",1,"Completed",1,"Operation Completed","","","",0,0.0,"","","R215 OC",0.0,0.0,"Completed","","t4l3eauet7",3,"","","","","",0,"",0,"","737h4d06n8",0.0,"HR-EMP-00001","","",0.0,"","","","","","73737n46gb",4.0,"HR-EMP-00001","2026-07-25 14:08:35","",0.01668,"2026-07-25 14:08:36","","","","","","","","","","","","","","","","","","","","","",""
"JC-WO/260714/0034-002","JC-.{work_order}.-.###.","WO/260714/0034","Teksons Pvt Ltd","Angle Assembly","WIP Warehouse - TPL","ALU-M-08_Mig Welding Machine",4.0,"2026-07-14",4.0,0.0,"","R215 OC","BOM-Oil Cooler-001",4.0,0.0,0.0,"",0.0,"","2026-07-25 14:07:43",0.03336,"2026-07-25 14:07:45","Completed","Mig Welding","Ralu Weld",1,"Completed",1,"Operation Completed","","","",0,0.0,"","","R215 OC",0.0,0.0,"Completed","","t4l33ungtu",2,"","","","","",0,"",0,"","6j5ljf63k8",0.0,"HR-EMP-00001","","",0.0,"","","","","","6j58emlerq",4.0,"HR-EMP-00001","2026-07-25 14:07:43","",0.03336,"2026-07-25 14:07:45","","","","","","","","","","","","","","","","","","","","","",""
"JC-WO/260714/0034-001","JC-.{work_order}.-.###.","WO/260714/0034","Teksons Pvt Ltd","Tank To Core","WIP Warehouse - TPL","ALU-M-08_Mig Welding Machine",4.0,"2026-07-14",4.0,0.0,"","R215 OC","BOM-Oil Cooler-001",4.0,0.0,0.0,"",0.0,"","2026-07-25 13:59:49",0.03336,"2026-07-25 13:59:51","Completed","Mig Welding","Ralu Weld",1,"Completed",1,"Operation Completed","","","",0,0.0,"","","R215 OC",0.0,0.0,"Completed","","t4l5vfhkk0",1,"","","","","",0,"",0,"","1utlbin7c3",0.0,"HR-EMP-00001","","",0.0,"","","","","","1utvpehsjr",4.0,"HR-EMP-00001","2026-07-25 13:59:49","",0.03336,"2026-07-25 13:59:51","","","","","","","","","","","","","","","","","","","","","",""
"JC-WO/260714/0033-002","JC-.{work_order}.-.###.","WO/260714/0033","Teksons Pvt Ltd","Punching","WIP Warehouse - TPL","RP-26_Hydraulic Press",4.0,"2026-07-14",4.0,0.0,"","R215 Ms Plate-1(102X22X1.5)","BOM-MS Plate-1-001",4.0,0.0,0.0,"",0.0,"","2026-07-25 14:10:27",0.03336,"2026-07-25 14:10:29","Completed","Corner Cutting, Punching, Folding and Blanking","RP",1,"Completed",1,"Operation Completed","","","",0,0.0,"","","R215 Ms Plate-1(102X22X1.5)",0.0,0.0,"Completed","","t4l80da9ov",2,"","","","","",0,"",0,"","86gqpri69u",0.0,"HR-EMP-00001","","",0.0,"","","","","","86g0k49m3f",4.0,"HR-EMP-00001","2026-07-25 14:10:27","",0.03336,"2026-07-25 14:10:29","","","","","","","","","","","","","","","","","","","","","",""
"JC-WO/260714/0033-001","JC-.{work_order}.-.###.","WO/260714/0033","Teksons Pvt Ltd","Shearing","WIP Warehouse - TPL","W01_Shearing Machine",4.0,"2026-07-14",4.0,0.0,"","R215 Ms Plate-1(102X22X1.5)","BOM-MS Plate-1-001",4.0,0.0,0.0,"",0.0,"","2026-07-16 09:55:11",0.04998,"2026-07-16 09:55:14","Awaiting","Shearing Machine","W",0,"",0,"","","","",0,0.0,"","","R215 Ms Plate-1(102X22X1.5)",0.0,0.0,"Completed","","t4lpje6e1g",1,"","","","","",0,"",0,"","8sacjvc4e8",0.0,"HR-EMP-00001","","",0.0,"","","","","","8sa2v28m07",4.0,"HR-EMP-00001","2026-07-16 09:55:11","",0.04998,"2026-07-16 09:55:14","","","","","","","","","","","","","","","","","","","","","",""
"JC-WO/260714/0032-002","JC-.{work_order}.-.###.","WO/260714/0032","Teksons Pvt Ltd","Punching","WIP Warehouse - TPL","RP-26_Hydraulic Press",4.0,"2026-07-14",4.0,0.0,"","R215 Ms Plate-2 (144X22X1.5)","BOM-MS Plate-2-001",4.0,0.0,0.0,"",0.0,"","2026-07-25 14:11:04",0.03336,"2026-07-25 14:11:06","Completed","Corner Cutting, Punching, Folding and Blanking","RP",1,"Completed",1,"Operation Completed","","","",0,0.0,"","","R215 Ms Plate-2 (144X22X1.5)",0.0,0.0,"Completed","","t4lo1j8bqk",2,"","","","","",0,"",0,"","8hu5vki811",0.0,"HR-EMP-00001","","",0.0,"","","","","","8hurvg63s1",4.0,"HR-EMP-00001","2026-07-25 14:11:04","",0.03336,"2026-07-25 14:11:06","","","","","","","","","","","","","","","","","","","","","",""
"JC-WO/260714/0032-001","JC-.{work_order}.-.###.","WO/260714/0032","Teksons Pvt Ltd","Shearing","WIP Warehouse - TPL","W01_Shearing Machine",4.0,"2026-07-14",4.0,0.0,"","R215 Ms Plate-2 (144X22X1.5)","BOM-MS Plate-2-001",4.0,0.0,0.0,"",0.0,"","2026-07-16 09:54:53",0.04998,"2026-07-16 09:54:56","Awaiting","Shearing Machine","W",0,"",0,"","","","",0,0.0,"","","R215 Ms Plate-2 (144X22X1.5)",0.0,0.0,"Completed","","t4lokgn3fi",1,"","","","","",0,"",0,"","8mlmv2lp7k",0.0,"HR-EMP-00001","","",0.0,"","","","","","8mlov71pm3",4.0,"HR-EMP-00001","2026-07-16 09:54:53","",0.04998,"2026-07-16 09:54:56","","","","","","","","","","","","","","","","","","","","","",""
"JC-WO/260714/0031-001","JC-.{work_order}.-.###.","WO/260714/0031","Teksons Pvt Ltd","Painting","WIP Warehouse - TPL","Spray Painting",4.0,"2026-07-14",4.0,0.0,"","R215 LH – RH Condenser MTG BKT","BOM-LH – RH Condenser MTG BKT-001",4.0,0.0,0.0,"",0.0,"","2026-07-25 13:55:26",0.01668,"2026-07-25 13:55:27","Completed","RA Painting","RA",1,"Completed",1,"Operation Completed","","","",0,0.0,"","","R215 LH – RH Condenser MTG BKT",0.0,0.0,"Completed","","t4k39vhaa3",1,"","","","","",0,"",0,"","vcokj96nid",0.0,"HR-EMP-00001","","",0.0,"","","","","","vcorsl00ic",4.0,"HR-EMP-00001","2026-07-25 13:55:26","",0.01668,"2026-07-25 13:55:27","","","","","","","","","","","","","","","","","","","","","",""
"JC-WO/260714/0030-001","JC-.{work_order}.-.###.","WO/260714/0030","Teksons Pvt Ltd","Painting","WIP Warehouse - TPL","Spray Painting",4.0,"2026-07-14",4.0,0.0,"","R215 Fan Cowl","BOM-Fan Cowl-001",4.0,0.0,0.0,"",0.0,"","2026-07-25 13:55:17",0.03336,"2026-07-25 13:55:19","Completed","RA Painting","RA",1,"Completed",1,"Operation Completed","","","",0,0.0,"","","R215 Fan Cowl",0.0,0.0,"Completed","","t4kon1u62m",1,"","","","","",0,"",0,"","va2aj92sui",0.0,"HR-EMP-00001","","",0.0,"","","","","","va2r461aku",4.0,"HR-EMP-00001","2026-07-25 13:55:17","",0.03336,"2026-07-25 13:55:19","","","","","","","","","","","","","","","","","","","","","",""
"JC-WO/260714/0029-001","JC-.{work_order}.-.###.","WO/260714/0029","Teksons Pvt Ltd","Folding","WIP Warehouse - TPL","RP-26_Hydraulic Press",32.0,"2026-07-14",32.0,0.0,"","Cage For M8 Sq Nut 182X50X0.5","BOM-Cage For M8 Sq Nut 182X50X0.5-001",32.0,0.0,0.0,"",0.0,"","2026-07-25 13:50:49",0.03336,"2026-07-25 13:50:51","Completed","Corner Cutting, Punching, Folding and Blanking","RP",1,"Completed",1,"Operation Completed","","","",0,0.0,"","","Cage For M8 Sq Nut 182X50X0.5",0.0,0.0,"Completed","","t4k3bl9ksa",1,"","","","","",0,"",0,"","sm8b1li3fp",0.0,"HR-EMP-00001","","",0.0,"","","","","","sm8apfi9mn",32.0,"HR-EMP-00001","2026-07-25 13:50:49","",0.03336,"2026-07-25 13:50:51","","","","","","","","","","","","","","","","","","","","","",""
"JC-WO/260714/0028-002","JC-.{work_order}.-.###.","WO/260714/0028","Teksons Pvt Ltd","Punching","WIP Warehouse - TPL","RP-26_Hydraulic Press",32.0,"2026-07-14",32.0,0.0,"","R215 Top and Bottom Flyscreen Mounting Plate 35X30X2","BOM-R215 Top and Bottom Flyscreen Mounting Plate 35X30X2-001",32.0,0.0,0.0,"",0.0,"","2026-07-25 13:53:38",0.03336,"2026-07-25 13:53:40","Completed","Corner Cutting, Punching, Folding and Blanking","RP",1,"Completed",1,"Operation Completed","","","",0,0.0,"","","R215 Top and Bottom Flyscreen Mounting Plate 35X30X2",0.0,0.0,"Completed","","t4kb7r2nh7",2,"","","","","",0,"",0,"","ub337k2p30",0.0,"HR-EMP-00001","","",0.0,"","","","","","ub3qa5bm20",32.0,"HR-EMP-00001","2026-07-25 13:53:38","",0.03336,"2026-07-25 13:53:40","","","","","","","","","","","","","","","","","","","","","",""
"JC-WO/260714/0028-001","JC-.{work_order}.-.###.","WO/260714/0028","Teksons Pvt Ltd","Shearing","WIP Warehouse - TPL","W01_Shearing Machine",32.0,"2026-07-14",32.0,0.0,"","R215 Top and Bottom Flyscreen Mounting Plate 35X30X2","BOM-R215 Top and Bottom Flyscreen Mounting Plate 35X30X2-001",32.0,0.0,0.0,"",0.0,"","2026-07-16 09:54:38",0.04998,"2026-07-16 09:54:41","Awaiting","Shearing Machine","W",0,"",0,"","","","",0,0.0,"","","R215 Top and Bottom Flyscreen Mounting Plate 35X30X2",0.0,0.0,"Completed","","t4k7panutd",1,"","","","","",0,"",0,"","8i17k83gve",0.0,"HR-EMP-00001","","",0.0,"","","","","","8i1g68fc3t",32.0,"HR-EMP-00001","2026-07-16 09:54:38","",0.04998,"2026-07-16 09:54:41","","","","","","","","","","","","","","","","","","","","","",""
"JC-WO/260714/0027-001","JC-.{work_order}.-.###.","WO/260714/0027","Teksons Pvt Ltd","Shearing","WIP Warehouse - TPL","W01_Shearing Machine",8.0,"2026-07-14",8.0,0.0,"","R215 Bottom Flyscreen Center Plate 453X10X2","BOM-R215 Bottom Flyscreen Center Plate 453X10X2-001",8.0,0.0,0.0,"",0.0,"","2026-07-16 09:54:25",0.04998,"2026-07-16 09:54:28","Awaiting","Shearing Machine","W",0,"",0,"","","","",0,0.0,"","","R215 Bottom Flyscreen Center Plate 453X10X2",0.0,0.0,"Completed","","t4ku8apq8r",1,"","","","","",0,"",0,"","8e0rbrms9m",0.0,"HR-EMP-00001","","",0.0,"","","","","","8e0u5gk304",8.0,"HR-EMP-00001","2026-07-16 09:54:25","",0.04998,"2026-07-16 09:54:28","","","","","","","","","","","","","","","","","","","","","",""
"JC-WO/260714/0026-001","JC-.{work_order}.-.###.","WO/260714/0026","Teksons Pvt Ltd","Rolling & Cutting","WIP Warehouse - TPL","Manual Rolling and Cutting",4.0,"2026-07-14",4.0,0.0,"","R215 Bottom Flyscreen Wire Mash 903X475","BOM-R215 Bottom Flyscreen Wire Mash 903X475-001",4.0,0.0,0.0,"",0.0,"","2026-07-25 13:54:58",0.03336,"2026-07-25 13:55:00","Completed","Manual Rolling and Cutting","RA",1,"Completed",1,"Operation Completed","","","",0,0.0,"","","R215 Bottom Flyscreen Wire Mesh 903X475",0.0,0.0,"Completed","","t4k35hd2ga",1,"","","","","",0,"",0,"","v3utsar6h3",0.0,"HR-EMP-00001","","",0.0,"","","","","","v3umpjfdpj",4.0,"HR-EMP-00001","2026-07-25 13:54:58","",0.03336,"2026-07-25 13:55:00","","","","","","","","","","","","","","","","","","","","","",""
"JC-WO/260714/0025-002","JC-.{work_order}.-.###.","WO/260714/0025","Teksons Pvt Ltd","Painting","WIP Warehouse - TPL","Spray Painting",4.0,"2026-07-14",4.0,0.0,"","R215 Bottom Flyscreen Assembly","BOM-R215 Bottom Flyscreen Assembly-001",4.0,0.0,0.0,"",0.0,"","2026-07-25 13:54:49",0.03336,"2026-07-25 13:54:51","Completed","RA Painting","RA",1,"Completed",1,"Operation Completed","","","",0,0.0,"","","R215 Bottom Flyscreen Assembly",0.0,0.0,"Completed","","t4j1a3fq6s",1,"","","","","",0,"",0,"","v1bfvv2tmd",0.0,"HR-EMP-00001","","",0.0,"","","","","","v1babnp2n2",4.0,"HR-EMP-00001","2026-07-25 13:54:49","",0.03336,"2026-07-25 13:54:51","","","","","","","","","","","","","","","","","","","","","",""
"JC-WO/260714/0025-001","JC-.{work_order}.-.###.","WO/260714/0025","Teksons Pvt Ltd","Assembly","WIP Warehouse - TPL","RA-04_Hydraulic",4.0,"2026-07-14",4.0,0.0,"","R215 Bottom Flyscreen Assembly","BOM-R215 Bottom Flyscreen Assembly-001",4.0,0.0,0.0,"",0.0,"","2026-07-25 13:54:41",0.01668,"2026-07-25 13:54:42","Completed","RA Assembly","RA",1,"Completed",1,"Operation Completed","","","",0,0.0,"","","R215 Bottom Flyscreen Assembly",0.0,0.0,"Completed","","t4jmp7p5jt",1,"","","","","",0,"",0,"","uujhfo2np2",0.0,"HR-EMP-00001","","",0.0,"","","","","","uujkq9vpi7",4.0,"HR-EMP-00001","2026-07-25 13:54:41","",0.01668,"2026-07-25 13:54:42","","","","","","","","","","","","","","","","","","","","","",""
"JC-WO/260714/0024-001","JC-.{work_order}.-.###.","WO/260714/0024","Teksons Pvt Ltd","Painting","WIP Warehouse - TPL","Spray Painting",4.0,"2026-07-14",4.0,0.0,"","R215 Bottom Cover Assembly","BOM-R215 Bottom Cover Assembly-001",4.0,0.0,0.0,"",0.0,"","2026-07-25 13:54:32",0.01668,"2026-07-25 13:54:33","Completed","RA Painting","RA",1,"Completed",1,"Operation Completed","","","",0,0.0,"","","R215 Bottom Cover Assembly",0.0,0.0,"Completed","","t4jphgtm0q",1,"","","","","",0,"",0,"","urpuh4b5ts",0.0,"HR-EMP-00001","","",0.0,"","","","","","urpqreei05",4.0,"HR-EMP-00001","2026-07-25 13:54:32","",0.01668,"2026-07-25 13:54:33","","","","","","","","","","","","","","","","","","","","","",""
"JC-WO/260714/0023-003","JC-.{work_order}.-.###.","WO/260714/0023","Teksons Pvt Ltd","Helicoil Insert","WIP Warehouse - TPL","01_Helicoil and Tapping",16.0,"2026-07-14",16.0,0.0,"","Condenser Mounting Block 31X19X25","BOM-Condenser Mounting Block-001",16.0,0.0,0.0,"",0.0,"","2026-07-25 13:57:36",0.03336,"2026-07-25 13:57:38","Completed","Helicoil & Tapping","Ralu Weld",1,"Completed",1,"Operation Completed","","","",0,0.0,"","","Condenser Mounting Block 31X19X25",0.0,0.0,"Completed","","t4j5s1vd6p",3,"","","","","",0,"",0,"","0liooo6s9u",0.0,"HR-EMP-00001","","",0.0,"","","","","","0limu33hg8",16.0,"HR-EMP-00001","2026-07-25 13:57:36","",0.03336,"2026-07-25 13:57:38","","","","","","","","","","","","","","","","","","","","","",""
"JC-WO/260714/0023-002","JC-.{work_order}.-.###.","WO/260714/0023","Teksons Pvt Ltd","Drilling & Boring","WIP Warehouse - TPL","TR-27_Makino",16.0,"2026-07-14",16.0,0.0,"","Condenser Mounting Block 31X19X25","BOM-Condenser Mounting Block-001",16.0,0.0,0.0,"",0.0,"","2026-07-16 10:04:40",0.03336,"2026-07-16 10:04:42","Awaiting","Drilling, Boring and Milling","CNC",0,"",0,"","","","",0,0.0,"","","Condenser Mounting Block 31X19X25",0.0,0.0,"Completed","","t4jokag27f",2,"","","","","",0,"",0,"","ee47vd2r32",0.0,"HR-EMP-00001","","",0.0,"","","","","","ee4s3ss5kh",16.0,"HR-EMP-00001","2026-07-16 10:04:40","",0.03336,"2026-07-16 10:04:42","","","","","","","","","","","","","","","","","","","","","",""
"JC-WO/260714/0023-001","JC-.{work_order}.-.###.","WO/260714/0023","Teksons Pvt Ltd","Size Cutting","WIP Warehouse - TPL","W-26_Accurate Cutting Machine",16.0,"2026-07-14",16.0,0.0,"","Condenser Mounting Block 31X19X25","BOM-Condenser Mounting Block-001",16.0,0.0,0.0,"",0.0,"","2026-07-16 10:01:02",0.03336,"2026-07-16 10:01:04","Awaiting","Accurate Cutting","CNC",0,"",0,"","","","",0,0.0,"","","Condenser Mounting Block 31X19X25",0.0,0.0,"Completed","","t4jd472pf3",1,"","","","","",0,"",0,"","ca3dgkja89",0.0,"HR-EMP-00001","","",0.0,"","","","","","ca35ombrsa",16.0,"HR-EMP-00001","2026-07-16 10:01:02","",0.03336,"2026-07-16 10:01:04","","","","","","","","","","","","","","","","","","","","","",""
"JC-WO/260714/0022-002","JC-.{work_order}.-.###.","WO/260714/0022","Teksons Pvt Ltd","Helicoil Insert","WIP Warehouse - TPL","01_Helicoil and Tapping",8.0,"2026-07-14",8.0,0.0,"","Stay Block 50X25X150","BOM-Stay Block-001",8.0,0.0,0.0,"",0.0,"","2026-07-25 13:58:35",0.01668,"2026-07-25 13:58:36","Completed","Helicoil & Tapping","Ralu Weld",1,"Completed",1,"Operation Completed","","","",0,0.0,"","","Stay Block 50X25X150",0.0,0.0,"Completed","","t4jqgpnijl",2,"","","","","",0,"",0,"","17o9mhd1rd",0.0,"HR-EMP-00001","","",0.0,"","","","","","17oltmnviq",8.0,"HR-EMP-00001","2026-07-25 13:58:35","",0.01668,"2026-07-25 13:58:36","","","","","","","","","","","","","","","","","","","","","",""
"JC-WO/260714/0022-001","JC-.{work_order}.-.###.","WO/260714/0022","Teksons Pvt Ltd","Size Cutting","WIP Warehouse - TPL","W-26_Accurate Cutting Machine",8.0,"2026-07-14",8.0,0.0,"","Stay Block 50X25X150","BOM-Stay Block-001",8.0,0.0,0.0,"",0.0,"","2026-07-16 10:00:41",0.04998,"2026-07-16 10:00:44","Awaiting","Accurate Cutting","CNC",0,"",0,"","","","",0,0.0,"","","Stay Block 50X25X150",0.0,0.0,"Completed","","t4jrufu5ns",1,"","","","","",0,"",0,"","c3gtvtljrh",0.0,"HR-EMP-00001","","",0.0,"","","","","","c3guq8qpbf",8.0,"HR-EMP-00001","2026-07-16 10:00:41","",0.04998,"2026-07-16 10:00:44","","","","","","","","","","","","","","","","","","","","","",""
"JC-WO/260714/0021-002","JC-.{work_order}.-.###.","WO/260714/0021","Teksons Pvt Ltd","Helicoil Insert","WIP Warehouse - TPL","01_Helicoil and Tapping",4.0,"2026-07-14",4.0,0.0,"","R215 CAC Bottom Tank","BOM-R215 CAC Bottom Tank-001",4.0,0.0,0.0,"",0.0,"","2026-07-25 13:58:58",0.03336,"2026-07-25 13:59:00","Completed","Helicoil & Tapping","Ralu Weld",1,"Completed",1,"Operation Completed","","","",0,0.0,"","","R215 CAC Bottom Tank",0.0,0.0,"Completed","","t4iq75cpls",2,"","","","","",0,"",0,"","1f35uer7cc",0.0,"HR-EMP-00001","","",0.0,"","","","","","1f323f3oli",4.0,"HR-EMP-00001","2026-07-25 13:58:58","",0.03336,"2026-07-25 13:59:00","","","","","","","","","","","","","","","","","","","","","",""
"JC-WO/260714/0021-001","JC-.{work_order}.-.###.","WO/260714/0021","Teksons Pvt Ltd","Drilling & Boring","WIP Warehouse - TPL","TR-27_Makino",4.0,"2026-07-14",4.0,0.0,"","R215 CAC Bottom Tank","BOM-R215 CAC Bottom Tank-001",4.0,0.0,0.0,"",0.0,"","2026-07-16 10:00:29",0.03336,"2026-07-16 10:00:31","Awaiting","Drilling, Boring and Milling","CNC",0,"",0,"","","","",0,0.0,"","","R215 CAC Bottom Tank",0.0,0.0,"Completed","","t4i5ilurrs",1,"","","","","",0,"",0,"","bvperd9s5b",0.0,"HR-EMP-00001","","",0.0,"","","","","","bvp2r5c8cl",4.0,"HR-EMP-00001","2026-07-16 10:00:29","",0.03336,"2026-07-16 10:00:31","","","","","","","","","","","","","","","","","","","","","",""
"JC-WO/260714/0070-002","JC-.{work_order}.-.###.","WO/260714/0070","Teksons Pvt Ltd","Punching","WIP Warehouse - TPL","RP-26_Hydraulic Press",8.0,"2026-07-14",8.0,0.0,"","Nut Cover for Condenser Mounting 43*30.3*1","BOM-Nut Cover for Condenser Mounting 43*30.3*1-001",8.0,0.0,0.0,"",0.0,"","2026-07-25 14:10:46",0.01668,"2026-07-25 14:10:47","Completed","Corner Cutting, Punching, Folding and Blanking","RP",1,"Completed",1,"Operation Completed","","","",0,0.0,"","","Nut Cover for Condenser Mounting 43*30.3*1",0.0,0.0,"Completed","","t4t0vuci6m",2,"","","","","",0,"",0,"","8c70qobegd",0.0,"HR-EMP-00001","","",0.0,"","","","","","8c7lkndv9o",8.0,"HR-EMP-00001","2026-07-25 14:10:46","",0.01668,"2026-07-25 14:10:47","","","","","","","","","","","","","","","","","","","","","",""
"JC-WO/260714/0070-001","JC-.{work_order}.-.###.","WO/260714/0070","Teksons Pvt Ltd","Shearing","WIP Warehouse - TPL","W Department",8.0,"2026-07-14",8.0,0.0,"","Nut Cover for Condenser Mounting 43*30.3*1","BOM-Nut Cover for Condenser Mounting 43*30.3*1-001",8.0,0.0,0.0,"",0.0,"","2026-07-16 09:56:05",0.04998,"2026-07-16 09:56:08","Awaiting","Accurate Cutting","W",0,"",0,"","","","",0,0.0,"","","Nut Cover for Condenser Mounting 43*30.3*1",0.0,0.0,"Completed","","t4taaoe1hf",1,"","","","","",0,"",0,"","9dbhj1dhlp",0.0,"HR-EMP-00001","","",0.0,"","","","","","9dbcu1dra9",8.0,"HR-EMP-00001","2026-07-16 09:56:05","",0.04998,"2026-07-16 09:56:08","","","","","","","","","","","","","","","","","","","","","",""
"JC-WO/260714/0069-001","JC-.{work_order}.-.###.","WO/260714/0069","Teksons Pvt Ltd","Shearing","WIP Warehouse - TPL","W01_Shearing Machine",4.0,"2026-07-14",4.0,0.0,"","R215 Top Flyscreen Covering Plate 910X30X1","BOM-R215 Top Flyscreen Covering Plate 910X30X1-001",4.0,0.0,0.0,"",0.0,"","2026-07-16 09:55:51",0.03336,"2026-07-16 09:55:53","Awaiting","Shearing Machine","W",0,"",0,"","","","",0,0.0,"","","R215 Top Flyscreen Covering Plate 910X30X1",0.0,0.0,"Completed","","t4t6u213th",1,"","","","","",0,"",0,"","98qmth43e5",0.0,"HR-EMP-00001","","",0.0,"","","","","","98qde2puki",4.0,"HR-EMP-00001","2026-07-16 09:55:51","",0.03336,"2026-07-16 09:55:53","","","","","","","","","","","","","","","","","","","","","",""
"JC-WO/260714/0068-001","JC-.{work_order}.-.###.","WO/260714/0068","Teksons Pvt Ltd","Rolling & Cutting","WIP Warehouse - TPL","Manual Rolling and Cutting",4.0,"2026-07-14",4.0,0.0,"","R215 Top Flyscreen Wire Mash 903X554","BOM-R215 Top Flyscreen Wire Mash 903X554-001",4.0,0.0,0.0,"",0.0,"","2026-07-25 13:55:52",0.03336,"2026-07-25 13:55:54","Completed","Manual Rolling and Cutting","RA",1,"Completed",1,"Operation Completed","","","",0,0.0,"","","R215 Top Flyscreen Wire Mesh 903X554",0.0,0.0,"Completed","","t4sig309rg",1,"","","","","",0,"",0,"","vkq2vj1pvf",0.0,"HR-EMP-00001","","",0.0,"","","","","","vkqj5vqkt4",4.0,"HR-EMP-00001","2026-07-25 13:55:52","",0.03336,"2026-07-25 13:55:54","","","","","","","","","","","","","","","","","","","","","",""
"JC-WO/260714/0067-002","JC-.{work_order}.-.###.","WO/260714/0067","Teksons Pvt Ltd","Painting","WIP Warehouse - TPL","Spray Painting",4.0,"2026-07-14",4.0,0.0,"","R215 Top Flyscreen Assembly","BOM-R215 Top Flyscreen Assembly-001",4.0,0.0,0.0,"",0.0,"","2026-07-25 13:56:01",0.03336,"2026-07-25 13:56:03","Completed","RA Painting","RA",1,"Completed",1,"Operation Completed","","","",0,0.0,"","","R215 Top Flyscreen Assembly",0.0,0.0,"Completed","","t4s10rcs4r",2,"","","","","",0,"",0,"","vnpmm1fghd",0.0,"HR-EMP-00001","","",0.0,"","","","","","vnp5i0ncdh",4.0,"HR-EMP-00001","2026-07-25 13:56:01","",0.03336,"2026-07-25 13:56:03","","","","","","","","","","","","","","","","","","","","","",""
"JC-WO/260714/0067-001","JC-.{work_order}.-.###.","WO/260714/0067","Teksons Pvt Ltd","Assembly","WIP Warehouse - TPL","RA-04_Hydraulic",4.0,"2026-07-14",4.0,0.0,"","R215 Top Flyscreen Assembly","BOM-R215 Top Flyscreen Assembly-001",4.0,0.0,0.0,"",0.0,"","2026-07-16 21:50:42",0.15,"2026-07-16 21:50:53","Completed","RA Assembly","RA",1,"Completed",1,"Operation Completed","","","",0,0.0,"","","R215 Top Flyscreen Assembly",0.0,0.0,"Completed","","t4solvt37o",1,"","","","","",0,"",0,"","c4a80on61u",0.0,"HR-EMP-00001","","",0.0,"","","","","","c4a3g86v46",0.0,"HR-EMP-00001","2026-07-16 21:50:42","",0.10002,"2026-07-16 21:50:48","","","","","","","","","","","","","","","","","","","","","",""
"","","","","","","","","","","","","","","","","","","","","","","","","","","","","","","","","","","","","","","","","","","","","","","","","","","","","","","","","","","","","","","","","c6n0vahr6j",4.0,"HR-EMP-00001","2026-07-16 21:50:50","",0.04998,"2026-07-16 21:50:53","","","","","","","","","","","","","","","","","","","","","",""
"JC-WO/260714/0066-001","JC-.{work_order}.-.###.","WO/260714/0066","Teksons Pvt Ltd","Painting","WIP Warehouse - TPL","Spray Painting",4.0,"2026-07-14",4.0,0.0,"","R215 Top Cover Assembly","BOM-R215 Top Cover Assembly-001",4.0,0.0,0.0,"",0.0,"","2026-07-25 13:55:43",0.03336,"2026-07-25 13:55:45","Completed","RA Painting","RA",1,"Completed",1,"Operation Completed","","","",0,0.0,"","","R215 Top Cover Assembly",0.0,0.0,"Completed","","t4sk8qdb9n",1,"","","","","",0,"",0,"","vi559oeljf",0.0,"HR-EMP-00001","","",0.0,"","","","","","vi5pi9gdiv",4.0,"HR-EMP-00001","2026-07-25 13:55:43","",0.03336,"2026-07-25 13:55:45","","","","","","","","","","","","","","","","","","","","","",""
"JC-WO/260714/0065-001","JC-.{work_order}.-.###.","WO/260714/0065","Teksons Pvt Ltd","Cutting","WIP Warehouse - TPL","Manual Cutting",4.0,"2026-07-14",4.0,0.0,"","R215 Radiator Drain Pipe Od∅10 X 17 Lgx 3","BOM-Radiator Drain Pipe-001",4.0,0.0,0.0,"",0.0,"","2026-07-25 14:02:40",0.01668,"2026-07-25 14:02:41","Completed","Weld_Manual Cutting","Ralu Weld",1,"Completed",1,"Operation Completed","","","",0,0.0,"","","R215 Radiator Drain Pipe Od∅10 X 17 Lgx 3",0.0,0.0,"Completed","","t4spuguh4k",1,"","","","","",0,"",0,"","3ka4mbhnnr",0.0,"HR-EMP-00001","","",0.0,"","","","","","3kastu5r9b",4.0,"HR-EMP-00001","2026-07-25 14:02:40","",0.01668,"2026-07-25 14:02:41","","","","","","","","","","","","","","","","","","","","","",""
"JC-WO/260714/0064-001","JC-.{work_order}.-.###.","WO/260714/0064","Teksons Pvt Ltd","Helicoil Insert","WIP Warehouse - TPL","01_Helicoil and Tapping",4.0,"2026-07-14",4.0,0.0,"","R215 RAD Top Tank","BOM-RAD Top Tank-001",4.0,0.0,0.0,"",0.0,"","2026-07-25 13:58:09",0.03336,"2026-07-25 13:58:11","Completed","Helicoil & Tapping","Ralu Weld",1,"Completed",1,"Operation Completed","","","",0,0.0,"","","R215 RAD Top Tank",0.0,0.0,"Completed","","t4sv9hj2aa",1,"","","","","",0,"",0,"","0vo9d4mi45",0.0,"HR-EMP-00001","","",0.0,"","","","","","0vonq4r4pk",4.0,"HR-EMP-00001","2026-07-25 13:58:09","",0.03336,"2026-07-25 13:58:11","","","","","","","","","","","","","","","","","","","","","",""
"JC-WO/260714/0063-001","JC-.{work_order}.-.###.","WO/260714/0063","Teksons Pvt Ltd","Tank Assembly","WIP Warehouse - TPL","ALU-M-08_Mig Welding Machine",4.0,"2026-07-14",4.0,0.0,"","R215 RAD Top Tank Sub Assy","BOM-R215 RAD Top Tank Sub Assy-001",4.0,0.0,0.0,"",0.0,"","2026-07-25 14:02:29",0.03336,"2026-07-25 14:02:31","Completed","Mig Welding","Ralu Weld",1,"Completed",1,"Operation Completed","","","",0,0.0,"","","R215 RAD Top Tank Sub Assy",0.0,0.0,"Completed","","t4r0rcfk51",1,"","","","","",0,"",0,"","3gtusoctn6",0.0,"HR-EMP-00001","","",0.0,"","","","","","3gtb25vb20",4.0,"HR-EMP-00001","2026-07-25 14:02:29","",0.03336,"2026-07-25 14:02:31","","","","","","","","","","","","","","","","","","","","","",""
"JC-WO/260714/0061-001","JC-.{work_order}.-.###.","WO/260714/0061","Teksons Pvt Ltd","Cutting","WIP Warehouse - TPL","Manual Cutting",8.0,"2026-07-14",8.0,0.0,"","R215 RAD Inlet and Outlet Pipe","BOM-RAD Inlet and Outlet Pipe-001",8.0,0.0,0.0,"",0.0,"","2026-07-25 14:03:06",0.01668,"2026-07-25 14:03:07","Completed","Weld_Manual Cutting","Ralu Weld",1,"Completed",1,"Operation Completed","","","",0,0.0,"","","R215 RAD Inlet and Outlet Pipe",0.0,0.0,"Completed","","t4rndbk0pg",1,"","","","","",0,"",0,"","3sgef000g0",0.0,"HR-EMP-00001","","",0.0,"","","","","","3sg9svikvd",8.0,"HR-EMP-00001","2026-07-25 14:03:06","",0.01668,"2026-07-25 14:03:07","","","","","","","","","","","","","","","","","","","","","",""
"JC-WO/260714/0060-001","JC-.{work_order}.-.###.","WO/260714/0060","Teksons Pvt Ltd","Size Cutting","WIP Warehouse - TPL","W-26_Accurate Cutting Machine",8.0,"2026-07-14",8.0,0.0,"","R215 RAD Top and Bottom Tank","BOM-R215 RAD Top and Bottom Tank-001",8.0,0.0,0.0,"",0.0,"","2026-07-16 10:04:10",0.03336,"2026-07-16 10:04:12","Awaiting","Accurate Cutting","CNC",0,"",0,"","","","",0,0.0,"","","R215 RAD Top and Bottom Tank",0.0,0.0,"Completed","","t4ropbuaok",1,"","","","","",0,"",0,"","e4qv5h2fhl",0.0,"HR-EMP-00001","","",0.0,"","","","","","e4qsbe6cc4",8.0,"HR-EMP-00001","2026-07-16 10:04:10","",0.03336,"2026-07-16 10:04:12","","","","","","","","","","","","","","","","","","","","","",""
"JC-WO/260714/0059-001","JC-.{work_order}.-.###.","WO/260714/0059","Teksons Pvt Ltd","Helicoil Insert","WIP Warehouse - TPL","01_Helicoil and Tapping",4.0,"2026-07-14",4.0,0.0,"","R215 RAD Bottom Tank","BOM-Rad Bottom Tank-002",4.0,0.0,0.0,"",0.0,"","2026-07-25 14:02:19",0.01668,"2026-07-25 14:02:20","Completed","Helicoil & Tapping","Ralu Weld",1,"Completed",1,"Operation Completed","","","",0,0.0,"","","R215 RAD Bottom Tank",0.0,0.0,"Completed","","t4rgc3qqf6",1,"","","","","",0,"",0,"","3dr43tckvr",0.0,"HR-EMP-00001","","",0.0,"","","","","","3dre8fsuvn",4.0,"HR-EMP-00001","2026-07-25 14:02:19","",0.01668,"2026-07-25 14:02:20","","","","","","","","","","","","","","","","","","","","","",""
"JC-WO/260714/0058-001","JC-.{work_order}.-.###.","WO/260714/0058","Teksons Pvt Ltd","Tank Assembly","WIP Warehouse - TPL","ALU-M-08_Mig Welding Machine",4.0,"2026-07-14",4.0,0.0,"","R215 RAD Bottom Tank Sub Assy","BOM-Rad Bottom Tank Sub Assy-002",4.0,0.0,0.0,"",0.0,"","2026-07-25 14:03:54",0.03336,"2026-07-25 14:03:56","Completed","Mig Welding","Ralu Weld",1,"Completed",1,"Operation Completed","","","",0,0.0,"","","R215 RAD Bottom Tank Sub Assy",0.0,0.0,"Completed","","t4q7ejcs0k",1,"","","","","",0,"",0,"","4bkulrmrjn",0.0,"HR-EMP-00001","","",0.0,"","","","","","4bkncl36eg",4.0,"HR-EMP-00001","2026-07-25 14:03:54","",0.03336,"2026-07-25 14:03:56","","","","","","","","","","","","","","","","","","","","","",""
"JC-WO/260714/0057-001","JC-.{work_order}.-.###.","WO/260714/0057","Teksons Pvt Ltd","Turbu Forming","WIP Warehouse - TPL","AL-M-41_Turbulator Machine",288.0,"2026-07-14",288.0,0.0,"","Turbulator 0.2*300*96.0","BOM-Turbulator 0.2*300*96.0-001",288.0,0.0,0.0,"",0.0,"","2026-07-25 13:46:27",0.04998,"2026-07-25 13:46:30","Completed","Turbulator Forming and Cutting","Ralu In",1,"Completed",1,"Operation Completed","","","",0,0.0,"","","Turbulator 0.2*300*96.0",0.0,0.0,"Completed","","t4q2lh4ilu",1,"","","","","",0,"",0,"","q4etc1a5tf",0.0,"HR-EMP-00001","","",0.0,"","","","","","q4ev9bef3l",288.0,"HR-EMP-00001","2026-07-25 13:46:27","",0.04998,"2026-07-25 13:46:30","","","","","","","","","","","","","","","","","","","","","",""
"JC-WO/260714/0056-001","JC-.{work_order}.-.###.","WO/260714/0056","Teksons Pvt Ltd","Turbu Forming","WIP Warehouse - TPL","AL-M-41_Turbulator Machine",48.0,"2026-07-14",48.0,0.0,"","Turbulator 0.2*250*96.0","BOM-Turbulator 0.2*250*96.0-001",48.0,0.0,0.0,"",0.0,"","2026-07-25 13:46:17",0.03336,"2026-07-25 13:46:19","Completed","Turbulator Forming and Cutting","Ralu In",1,"Completed",1,"Operation Completed","","","",0,0.0,"","","Turbulator 0.2*250*96.0",0.0,0.0,"Completed","","t4qo0uav6m",1,"","","","","",0,"",0,"","q189k9qf79",0.0,"HR-EMP-00001","","",0.0,"","","","","","q18uatv0b9",48.0,"HR-EMP-00001","2026-07-25 13:46:17","",0.03336,"2026-07-25 13:46:19","","","","","","","","","","","","","","","","","","","","","",""
"JC-WO/260714/0055-001","JC-.{work_order}.-.###.","WO/260714/0055","Teksons Pvt Ltd","Tube Sheet Cutting","WIP Warehouse - TPL","Cut To Length",200.0,"2026-07-14",200.0,0.0,"","R215 RAD Tube Sheet 0.6*110*1021","BOM-Tube sheet for RAD 0.6*110*1021-001",200.0,0.0,0.0,"",0.0,"","2026-07-25 13:46:06",0.04998,"2026-07-25 13:46:09","Completed","Cut To Length","Ralu In",1,"Completed",1,"Operation Completed","","","",0,0.0,"","","R215 RAD Tube Sheet 0.6*110*1021",0.0,0.0,"Completed","","t4qo166h7u",1,"","","","","",0,"",0,"","ptuod0d2ns",0.0,"HR-EMP-00001","","",0.0,"","","","","","ptuse2pm99",200.0,"HR-EMP-00001","2026-07-25 13:46:06","",0.04998,"2026-07-25 13:46:09","","","","","","","","","","","","","","","","","","","","","",""
"JC-WO/260714/0054-001","JC-.{work_order}.-.###.","WO/260714/0054","Teksons Pvt Ltd","Fin Forming","WIP Warehouse - TPL","AL-M-16_Zig-Zag Fin Machine",76.0,"2026-07-14",76.0,0.0,"","R215 Fin For RAD 0.2*110*991","BOM-R215 Fin For RAD 0.2*110*991-001",76.0,0.0,0.0,"",0.0,"","2026-07-25 13:45:56",0.03336,"2026-07-25 13:45:58","Completed","Fin Forming and Cutting","Ralu In",1,"Completed",1,"Operation Completed","","","",0,0.0,"","","R215 Fin For RAD 0.2*110*991",0.0,0.0,"Completed","","t4qpmgg570",1,"","","","","",0,"",0,"","pqq478drol",0.0,"HR-EMP-00001","","",0.0,"","","","","","pqqkqkq5nv",76.0,"HR-EMP-00001","2026-07-25 13:45:56","",0.03336,"2026-07-25 13:45:58","","","","","","","","","","","","","","","","","","","","","",""
"JC-WO/260714/0053-001","JC-.{work_order}.-.###.","WO/260714/0053","Teksons Pvt Ltd","Sr. No. Punching","WIP Warehouse - TPL","RP-36_Hydro Pneumatic Press Machine",8.0,"2026-07-14",8.0,0.0,"","R215 RAD Core End Plate2.5X110X1021","BOM-R215 RAD Core End Plate2.5X110X1021-001",8.0,0.0,0.0,"",0.0,"","2026-07-25 13:52:47",0.03336,"2026-07-25 13:52:49","Completed","Sr. No. Punching","RP",1,"Completed",1,"Operation Completed","","","",0,0.0,"","","R215 RAD Core End Plate2.5X110X1021",0.0,0.0,"Completed","","t4ppbk3jrq",1,"","","","","",0,"",0,"","tr2mulooqc",0.0,"HR-EMP-00001","","",0.0,"","","","","","tr2mku2bhc",8.0,"HR-EMP-00001","2026-07-25 13:52:47","",0.03336,"2026-07-25 13:52:49","","","","","","","","","","","","","","","","","","","","","",""
"JC-WO/260714/0052-002","JC-.{work_order}.-.###.","WO/260714/0052","Teksons Pvt Ltd","Core Brazing","WIP Warehouse - TPL","Brazing Furnace",4.0,"2026-07-14",4.0,0.0,"","R215 RAD Core","BOM-R215 RAD Core-001",4.0,0.0,0.0,"",0.0,"","2026-07-25 13:48:32",0.25002,"2026-07-25 13:48:47","Completed","Brazing Furnace","Ralu In",1,"Completed",1,"Operation Completed","","","",0,0.0,"","","R215 RAD Core",0.0,0.0,"Completed","","t4pp13gg8a",2,"","","","","",0,"",0,"","rbgcm4m5bn",0.0,"HR-EMP-00001","","",0.0,"","","","","","rbgh77gnge",4.0,"HR-EMP-00001","2026-07-25 13:48:32","",0.25002,"2026-07-25 13:48:47","","","","","","","","","","","","","","","","","","","","","",""
"JC-WO/260714/0052-001","JC-.{work_order}.-.###.","WO/260714/0052","Teksons Pvt Ltd","Core Assembly","WIP Warehouse - TPL","01_Fixing Table",4.0,"2026-07-14",4.0,0.0,"","R215 RAD Core","BOM-R215 RAD Core-001",4.0,0.0,0.0,"",0.0,"","2026-07-25 12:25:36",0.13332,"2026-07-25 12:25:44","Completed","Core Fixing","Ralu In",1,"Completed",1,"Operation Completed","","","",0,0.0,"","","R215 RAD Core",0.0,0.0,"Completed","","t4pvc9915i",1,"","","","","",0,"",0,"","aoao3hospd",0.0,"HR-EMP-00001","","",0.0,"","","","","","aoa05rr1b2",4.0,"HR-EMP-00001","2026-07-25 12:25:36","",0.13332,"2026-07-25 12:25:44","","","","","","","","","","","","","","","","","","","","","",""
"JC-WO/260714/0051-003","JC-.{work_order}.-.###.","WO/260714/0051","Teksons Pvt Ltd","Leak Testing","WIP Warehouse - TPL","01_Leak Test Tank",4.0,"2026-07-14",4.0,0.0,"","R215 RAD","BOM-Radiator-001",4.0,0.0,0.0,"",0.0,"","2026-07-25 14:08:24",0.01668,"2026-07-25 14:08:25","Completed","Leak Test","Ralu Weld",1,"Completed",1,"Operation Completed","","","",0,0.0,"","","R215 RAD",0.0,0.0,"Completed","","t4ph12udsj",3,"","","","","",0,"",0,"","6vs4r685ap",0.0,"HR-EMP-00001","","",0.0,"","","","","","6vs353t7ss",4.0,"HR-EMP-00001","2026-07-25 14:08:24","",0.01668,"2026-07-25 14:08:25","","","","","","","","","","","","","","","","","","","","","",""
"JC-WO/260714/0051-002","JC-.{work_order}.-.###.","WO/260714/0051","Teksons Pvt Ltd","Angle Assembly","WIP Warehouse - TPL","ALU-M-08_Mig Welding Machine",4.0,"2026-07-14",4.0,0.0,"","R215 RAD","BOM-Radiator-001",4.0,0.0,0.0,"",0.0,"","2026-07-25 14:07:54",0.01668,"2026-07-25 14:07:55","Completed","Mig Welding","Ralu Weld",1,"Completed",1,"Operation Completed","","","",0,0.0,"","","R215 RAD",0.0,0.0,"Completed","","t4p165mg15",2,"","","","","",0,"",0,"","6mdptuodrg",0.0,"HR-EMP-00001","","",0.0,"","","","","","6mdcup6rq1",4.0,"HR-EMP-00001","2026-07-25 14:07:54","",0.01668,"2026-07-25 14:07:55","","","","","","","","","","","","","","","","","","","","","",""
"JC-WO/260714/0051-001","JC-.{work_order}.-.###.","WO/260714/0051","Teksons Pvt Ltd","Tank To Core","WIP Warehouse - TPL","ALU-M-08_Mig Welding Machine",4.0,"2026-07-14",4.0,0.0,"","R215 RAD","BOM-Radiator-001",4.0,0.0,0.0,"",0.0,"","2026-07-25 14:03:18",0.04998,"2026-07-25 14:03:21","Completed","Mig Welding","Ralu Weld",1,"Completed",1,"Operation Completed","","","",0,0.0,"","","R215 RAD",0.0,0.0,"Completed","","t4p9c2lkkj",1,"","","","","",0,"",0,"","40dink6npp",0.0,"HR-EMP-00001","","",0.0,"","","","","","40dhsium5m",4.0,"HR-EMP-00001","2026-07-25 14:03:18","",0.04998,"2026-07-25 14:03:21","","","","","","","","","","","","","","","","","","","","","",""
"JC-WO/260714/0050-002","JC-.{work_order}.-.###.","WO/260714/0050","Teksons Pvt Ltd","Helicoil Insert","WIP Warehouse - TPL","01_Helicoil and Tapping",8.0,"2026-07-14",8.0,0.0,"","OC Inlet & Outlet Block 101X66X30","BOM-OC Inlet & Outlet Block 101X66X30-001",8.0,0.0,0.0,"",0.0,"","2026-07-25 13:58:21",0.01668,"2026-07-25 13:58:22","Completed","Helicoil & Tapping","Ralu Weld",1,"Completed",1,"Operation Completed","","","",0,0.0,"","","OC Inlet & Outlet Block 101X66X30",0.0,0.0,"Completed","","t4o18j1s8c",2,"","","","","",0,"",0,"","13emq9t00i",0.0,"HR-EMP-00001","","",0.0,"","","","","","13e49p21h0",8.0,"HR-EMP-00001","2026-07-25 13:58:21","",0.01668,"2026-07-25 13:58:22","","","","","","","","","","","","","","","","","","","","","",""
"JC-WO/260714/0050-001","JC-.{work_order}.-.###.","WO/260714/0050","Teksons Pvt Ltd","Size Cutting","WIP Warehouse - TPL","W-26_Accurate Cutting Machine",8.0,"2026-07-14",8.0,0.0,"","OC Inlet & Outlet Block 101X66X30","BOM-OC Inlet & Outlet Block 101X66X30-001",8.0,0.0,0.0,"",0.0,"","2026-07-16 10:03:52",0.03336,"2026-07-16 10:03:54","Awaiting","Accurate Cutting","CNC",0,"",0,"","","","",0,0.0,"","","OC Inlet & Outlet Block 101X66X30",0.0,0.0,"Completed","","t4oidk3fuo",1,"","","","","",0,"",0,"","dv34t8dd94",0.0,"HR-EMP-00001","","",0.0,"","","","","","dv3kq69ei2",8.0,"HR-EMP-00001","2026-07-16 10:03:52","",0.03336,"2026-07-16 10:03:54","","","","","","","","","","","","","","","","","","","","","",""
"JC-WO/260714/0049-001","JC-.{work_order}.-.###.","WO/260714/0049","Teksons Pvt Ltd","Helicoil Insert","WIP Warehouse - TPL","01_Helicoil and Tapping",4.0,"2026-07-14",4.0,0.0,"","R215 OC Top Tank","BOM-R215 OC Top Tank-002",4.0,0.0,0.0,"",0.0,"","2026-07-25 14:02:56",0.01668,"2026-07-25 14:02:57","Completed","Helicoil & Tapping","Ralu Weld",1,"Completed",1,"Operation Completed","","","",0,0.0,"","","R215 OC Top Tank",0.0,0.0,"Completed","","t4obdp5hth",1,"","","","","",0,"",0,"","3pdpe1jibj",0.0,"HR-EMP-00001","","",0.0,"","","","","","3pdbl426qa",4.0,"HR-EMP-00001","2026-07-25 14:02:56","",0.01668,"2026-07-25 14:02:57","","","","","","","","","","","","","","","","","","","","","",""
"JC-WO/260714/0048-001","JC-.{work_order}.-.###.","WO/260714/0048","Teksons Pvt Ltd","Tank Assembly","WIP Warehouse - TPL","ALU-M-08_Mig Welding Machine",4.0,"2026-07-14",4.0,0.0,"","R215 OC Top Tank Sub Assy","BOM-OC Top Tank Sub Assy-001",4.0,0.0,0.0,"",0.0,"","2026-07-25 14:05:27",0.01668,"2026-07-25 14:05:28","Completed","Mig Welding","Ralu Weld",1,"Completed",1,"Operation Completed","","","",0,0.0,"","","R215 OC Top Tank Sub Assy",0.0,0.0,"Completed","","t4oi07g1fq",1,"","","","","",0,"",0,"","58hj3s0a43",0.0,"HR-EMP-00001","","",0.0,"","","","","","58hgbipb4o",4.0,"HR-EMP-00001","2026-07-25 14:05:27","",0.01668,"2026-07-25 14:05:28","","","","","","","","","","","","","","","","","","","","","",""
"JC-WO/260714/0047-001","JC-.{work_order}.-.###.","WO/260714/0047","Teksons Pvt Ltd","Blanking","WIP Warehouse - TPL","RP-26_Hydraulic Press",16.0,"2026-07-14",16.0,0.0,"","Tank End Plate 96*62*8 For Extrusion No 0073C-ALU-2-0008","BOM-Tank End Plate For Extrusion No 0073C-ALU-2-0008-001",16.0,0.0,0.0,"",0.0,"","2026-07-25 13:52:38",0.03336,"2026-07-25 13:52:40","Completed","Corner Cutting, Punching, Folding and Blanking","RP",1,"Completed",1,"Operation Completed","","","",0,0.0,"","","Tank End Plate 96*62*8 For Extrusion No 0073C-ALU-2-0008",0.0,0.0,"Completed","","t4oik96f37",1,"","","","","",0,"",0,"","to7nsum9ah",0.0,"HR-EMP-00001","","",0.0,"","","","","","to7v2s99q8",16.0,"HR-EMP-00001","2026-07-25 13:52:38","",0.03336,"2026-07-25 13:52:40","","","","","","","","","","","","","","","","","","","","","",""
"JC-WO/260714/0046-002","JC-.{work_order}.-.###.","WO/260714/0046","Teksons Pvt Ltd","Drilling & Boring","WIP Warehouse - TPL","TR-27_Makino",8.0,"2026-07-14",8.0,0.0,"","R215 OC Top & Bottom Tank 70x113x7.5x377LG","BOM-R215 OC Top & Bottom Tank 70x113x7.5x377LG-001",8.0,0.0,0.0,"",0.0,"","2026-07-16 10:04:28",0.01668,"2026-07-16 10:04:29","Awaiting","Drilling, Boring and Milling","CNC",0,"",0,"","","","",0,0.0,"","","R215 OC Top & Bottom Tank 70x113x7.5x377LG",0.0,0.0,"Completed","","t4okcb1qc9",2,"","","","","",0,"",0,"","ea8pcq77ij",0.0,"HR-EMP-00001","","",0.0,"","","","","","ea8ktmv07u",8.0,"HR-EMP-00001","2026-07-16 10:04:28","",0.01668,"2026-07-16 10:04:29","","","","","","","","","","","","","","","","","","","","","",""
"JC-WO/260714/0046-001","JC-.{work_order}.-.###.","WO/260714/0046","Teksons Pvt Ltd","Size Cutting","WIP Warehouse - TPL","W-26_Accurate Cutting Machine",8.0,"2026-07-14",8.0,0.0,"","R215 OC Top & Bottom Tank 70x113x7.5x377LG","BOM-R215 OC Top & Bottom Tank 70x113x7.5x377LG-001",8.0,0.0,0.0,"",0.0,"","2026-07-16 10:03:16",0.03336,"2026-07-16 10:03:18","Awaiting","Accurate Cutting","CNC",0,"",0,"","","","",0,0.0,"","","R215 OC Top & Bottom Tank 70x113x7.5x377LG",0.0,0.0,"Completed","","t4o6cne0nc",1,"","","","","",0,"",0,"","djo0k15o1s",0.0,"HR-EMP-00001","","",0.0,"","","","","","djolki6324",8.0,"HR-EMP-00001","2026-07-16 10:03:16","",0.03336,"2026-07-16 10:03:18","","","","","","","","","","","","","","","","","","","","","",""
"JC-WO/260714/0045-001","JC-.{work_order}.-.###.","WO/260714/0045","Teksons Pvt Ltd","Helicoil Insert","WIP Warehouse - TPL","01_Helicoil and Tapping",4.0,"2026-07-14",4.0,0.0,"","R215 OC Bottom Tank","BOM-R215 OC Bottom Tank-002",4.0,0.0,0.0,"",0.0,"","2026-07-25 14:04:20",0.01668,"2026-07-25 14:04:21","Completed","Helicoil & Tapping","Ralu Weld",1,"Completed",1,"Operation Completed","","","",0,0.0,"","","R215 OC Bottom Tank",0.0,0.0,"Completed","","t4nendj14r",1,"","","","","",0,"",0,"","4jii45kcee",0.0,"HR-EMP-00001","","",0.0,"","","","","","4jii1vrbjv",4.0,"HR-EMP-00001","2026-07-25 14:04:20","",0.01668,"2026-07-25 14:04:21","","","","","","","","","","","","","","","","","","","","","",""
"JC-WO/260714/0044-001","JC-.{work_order}.-.###.","WO/260714/0044","Teksons Pvt Ltd","Tank Assembly","WIP Warehouse - TPL","ALU-M-08_Mig Welding Machine",4.0,"2026-07-14",4.0,0.0,"","R215 OC Bottom Tank Sub Assy","BOM-OC Bottom Tank Sub Assy-001",4.0,0.0,0.0,"",0.0,"","2026-07-25 14:04:46",0.03336,"2026-07-25 14:04:48","Completed","Mig Welding","Ralu Weld",1,"Completed",1,"Operation Completed","","","",0,0.0,"","","R215 OC Bottom Tank Sub Assy",0.0,0.0,"Completed","","t4nmdjt9hr",1,"","","","","",0,"",0,"","4rtj0u99ai",0.0,"HR-EMP-00001","","",0.0,"","","","","","4rtjqpemlc",4.0,"HR-EMP-00001","2026-07-25 14:04:46","",0.03336,"2026-07-25 14:04:48","","","","","","","","","","","","","","","","","","","","","",""
"JC-WO/260714/0043-001","JC-.{work_order}.-.###.","WO/260714/0043","Teksons Pvt Ltd","Turbu Forming","WIP Warehouse - TPL","AL-M-41_Turbulator Machine",624.0,"2026-07-14",624.0,0.0,"","Turbulator 0.3*300*44.5","BOM-Turbulator 0.3*300*44.5-001",624.0,0.0,0.0,"",0.0,"","2026-07-25 13:45:46",0.03336,"2026-07-25 13:45:48","Completed","Turbulator Forming and Cutting","Ralu In",1,"Completed",1,"Operation Completed","","","",0,0.0,"","","Turbulator 0.3*300*44.5",0.0,0.0,"Completed","","t4nc8fscct",1,"","","","","",0,"",0,"","pnl5tffa4n",0.0,"HR-EMP-00001","","",0.0,"","","","","","pnl2sb7264",624.0,"HR-EMP-00001","2026-07-25 13:45:46","",0.03336,"2026-07-25 13:45:48","","","","","","","","","","","","","","","","","","","","","",""
"JC-WO/260714/0042-001","JC-.{work_order}.-.###.","WO/260714/0042","Teksons Pvt Ltd","Turbu Forming","WIP Warehouse - TPL","AL-M-41_Turbulator Machine",104.0,"2026-07-14",104.0,0.0,"","Turbulator 0.3*250*44.5","BOM-Turbulator 0.3*250*44.5-002",104.0,0.0,0.0,"",0.0,"","2026-07-25 13:45:36",0.03336,"2026-07-25 13:45:38","Completed","Turbulator Forming and Cutting","Ralu In",1,"Completed",1,"Operation Completed","","","",0,0.0,"","","Turbulator 0.3*250*44.5",0.0,0.0,"Completed","","t4nplj8eur",1,"","","","","",0,"",0,"","pkdk5l81j7",0.0,"HR-EMP-00001","","",0.0,"","","","","","pkda31m2in",104.0,"HR-EMP-00001","2026-07-25 13:45:36","",0.03336,"2026-07-25 13:45:38","","","","","","","","","","","","","","","","","","","","","",""
"JC-WO/260714/0041-001","JC-.{work_order}.-.###.","WO/260714/0041","Teksons Pvt Ltd","Tube Sheet Cutting","WIP Warehouse - TPL","Cut To Length",216.0,"2026-07-14",216.0,0.0,"","R215 OC Tube Sheet 0.7*110*1021","BOM-Tube Sheet for OC 0.7*110*1021-001",216.0,0.0,0.0,"",0.0,"","2026-07-25 13:45:24",0.03336,"2026-07-25 13:45:26","Completed","Cut To Length","Ralu In",1,"Completed",1,"Operation Completed","","","",0,0.0,"","","R215 OC Tube Sheet 0.7*110*1021",0.0,0.0,"Completed","","t4nbotf49d",1,"","","","","",0,"",0,"","pgjpfnlt3o",0.0,"HR-EMP-00001","","",0.0,"","","","","","pgj8ji49ig",216.0,"HR-EMP-00001","2026-07-25 13:45:24","",0.03336,"2026-07-25 13:45:26","","","","","","","","","","","","","","","","","","","","","",""
"JC-WO/260714/0040-001","JC-.{work_order}.-.###.","WO/260714/0040","Teksons Pvt Ltd","Shearing","WIP Warehouse - TPL","W01_Shearing Machine",4.0,"2026-07-14",4.0,0.0,"","R215 OC Core End Plate 5X165X1021","BOM-R215 OC Core End Plate 5X165X1021-001",4.0,0.0,0.0,"",0.0,"","2026-07-16 09:55:39",0.04998,"2026-07-16 09:55:42","Awaiting","Shearing Machine","W",0,"",0,"","","","",0,0.0,"","","R215 OC Core End Plate 5X165X1021",0.0,0.0,"Completed","","t4m08j8nle",1,"","","","","",0,"",0,"","956ghid67b",0.0,"HR-EMP-00001","","",0.0,"","","","","","956f8s5jh4",4.0,"HR-EMP-00001","2026-07-16 09:55:39","",0.04998,"2026-07-16 09:55:42","","","","","","","","","","","","","","","","","","","","","",""
"JC-WO/260714/0039-002","JC-.{work_order}.-.###.","WO/260714/0039","Teksons Pvt Ltd","Sr. No. Punching","WIP Warehouse - TPL","RP-36_Hydro Pneumatic Press Machine",4.0,"2026-07-14",4.0,0.0,"","R215 OC Core End Plate 5X140X1021","BOM-R215 OC Core End Plate 5X140X1021-002",4.0,0.0,0.0,"",0.0,"","2026-07-25 14:10:38",0.01668,"2026-07-25 14:10:39","Completed","Sr. No. Punching","RP",1,"Completed",1,"Operation Completed","","","",0,0.0,"","","R215 OC Core End Plate 5X140X1021",0.0,0.0,"Completed","","t4m9s25l10",2,"","","","","",0,"",0,"","89m94327qg",0.0,"HR-EMP-00001","","",0.0,"","","","","","89m3fj7811",4.0,"HR-EMP-00001","2026-07-25 14:10:38","",0.01668,"2026-07-25 14:10:39","","","","","","","","","","","","","","","","","","","","","",""
"JC-WO/260714/0039-001","JC-.{work_order}.-.###.","WO/260714/0039","Teksons Pvt Ltd","Folding","WIP Warehouse - TPL","RP-26_Hydraulic Press",4.0,"2026-07-14",4.0,0.0,"","R215 OC Core End Plate 5X140X1021","BOM-R215 OC Core End Plate 5X140X1021-002",4.0,0.0,0.0,"",0.0,"","2026-07-25 13:52:27",0.03336,"2026-07-25 13:52:29","Completed","Corner Cutting, Punching, Folding and Blanking","RP",1,"Completed",1,"Operation Completed","","","",0,0.0,"","","R215 OC Core End Plate 5X140X1021",0.0,0.0,"Completed","","t4mhi3ts9q",1,"","","","","",0,"",0,"","tks7grbl61",0.0,"HR-EMP-00001","","",0.0,"","","","","","tksbqd7724",4.0,"HR-EMP-00001","2026-07-25 13:52:27","",0.03336,"2026-07-25 13:52:29","","","","","","","","","","","","","","","","","","","","","",""
"JC-WO/260714/0020-001","JC-.{work_order}.-.###.","WO/260714/0020","Teksons Pvt Ltd","Tank Assembly","WIP Warehouse - TPL","ALU-M-08_Mig Welding Machine",4.0,"2026-07-14",4.0,0.0,"","R215 CAC Bottom Tank Sub Assy","BOM-CAC Bottom Tank Sub Assy-001",4.0,0.0,0.0,"",0.0,"","2026-07-25 14:05:38",0.03336,"2026-07-25 14:05:40","Completed","Mig Welding","Ralu Weld",1,"Completed",1,"Operation Completed","","","",0,0.0,"","","R215 CAC Bottom Tank Sub Assy",0.0,0.0,"Completed","","t4ihdgvogf",1,"","","","","",0,"",0,"","5c5gad4bu3",0.0,"HR-EMP-00001","","",0.0,"","","","","","5c5u2fkv18",4.0,"HR-EMP-00001","2026-07-25 14:05:38","",0.03336,"2026-07-25 14:05:40","","","","","","","","","","","","","","","","","","","","","",""
"JC-WO/260714/0019-001","JC-.{work_order}.-.###.","WO/260714/0019","Teksons Pvt Ltd","Size Cutting","WIP Warehouse - TPL","W-26_Accurate Cutting Machine",8.0,"2026-07-14",8.0,0.0,"","R215 CAC Top and Bottom Tank 110x113x7.5x186LG","BOM-R215 CAC Top and Bottom Tank 110x113x7.5x186LG-001",8.0,0.0,0.0,"",0.0,"","2026-07-16 10:00:15",0.03336,"2026-07-16 10:00:17","Awaiting","Accurate Cutting","CNC",0,"",0,"","","","",0,0.0,"","","R215 CAC Top and Bottom Tank 110x113x7.5x186LG",0.0,0.0,"Completed","","t4i5p0t405",1,"","","","","",0,"",0,"","br9saiujja",0.0,"HR-EMP-00001","","",0.0,"","","","","","br9tfja2id",8.0,"HR-EMP-00001","2026-07-16 10:00:15","",0.03336,"2026-07-16 10:00:17","","","","","","","","","","","","","","","","","","","","","",""
"JC-WO/260714/0018-002","JC-.{work_order}.-.###.","WO/260714/0018","Teksons Pvt Ltd","Helicoil Insert","WIP Warehouse - TPL","01_Helicoil and Tapping",4.0,"2026-07-14",4.0,0.0,"","R215 CAC Top Tank","BOM-R215 CAC Top Tank-001",4.0,0.0,0.0,"",0.0,"","2026-07-25 13:58:45",0.03336,"2026-07-25 13:58:47","Completed","Helicoil & Tapping","Ralu Weld",1,"Completed",1,"Operation Completed","","","",0,0.0,"","","R215 CAC Top Tank",0.0,0.0,"Completed","","t4ibq5buo9",2,"","","","","",0,"",0,"","1b05jhob3h",0.0,"HR-EMP-00001","","",0.0,"","","","","","1b0bnuu5di",4.0,"HR-EMP-00001","2026-07-25 13:58:45","",0.03336,"2026-07-25 13:58:47","","","","","","","","","","","","","","","","","","","","","",""
"JC-WO/260714/0018-001","JC-.{work_order}.-.###.","WO/260714/0018","Teksons Pvt Ltd","Drilling & Boring","WIP Warehouse - TPL","TR-27_Makino",4.0,"2026-07-14",4.0,0.0,"","R215 CAC Top Tank","BOM-R215 CAC Top Tank-001",4.0,0.0,0.0,"",0.0,"","2026-07-16 09:59:58",0.04998,"2026-07-16 10:00:01","Awaiting","Drilling, Boring and Milling","CNC",0,"",0,"","","","",0,0.0,"","","R215 CAC Top Tank",0.0,0.0,"Completed","","t4i3u7h60j",1,"","","","","",0,"",0,"","bm14s7nhiu",0.0,"HR-EMP-00001","","",0.0,"","","","","","bm158iolhr",4.0,"HR-EMP-00001","2026-07-16 09:59:58","",0.04998,"2026-07-16 10:00:01","","","","","","","","","","","","","","","","","","","","","",""
"JC-WO/260714/0017-001","JC-.{work_order}.-.###.","WO/260714/0017","Teksons Pvt Ltd","Pipe Cutting","WIP Warehouse - TPL","Manual Cutting",8.0,"2026-07-14",8.0,0.0,"","R215 CAC Inlet and Outlet Pipe","BOM-CAC Inlet and Outlet Pipe-001",8.0,0.0,0.0,"",0.0,"","2026-07-25 14:04:10",0.03336,"2026-07-25 14:04:12","Completed","Weld_Manual Cutting","Ralu Weld",1,"Completed",1,"Operation Completed","","","",0,0.0,"","","R215 CAC Inlet and Outlet Pipe",0.0,0.0,"Completed","","t4ii92v2uf",1,"","","","","",0,"",0,"","4gm3491pif",0.0,"HR-EMP-00001","","",0.0,"","","","","","4gmi63l18m",8.0,"HR-EMP-00001","2026-07-25 14:04:10","",0.03336,"2026-07-25 14:04:12","","","","","","","","","","","","","","","","","","","","","",""
"JC-WO/260714/0014-001","JC-.{work_order}.-.###.","WO/260714/0014","Teksons Pvt Ltd","Tank Assembly","WIP Warehouse - TPL","ALU-M-08_Mig Welding Machine",4.0,"2026-07-14",4.0,0.0,"","R215 CAC Top Tank Sub Assy","BOM-CAC Top Tank Sub Assy-001",4.0,0.0,0.0,"",0.0,"","2026-07-25 14:00:42",0.01668,"2026-07-25 14:00:43","Completed","Mig Welding","Ralu Weld",1,"Completed",1,"Operation Completed","","","",0,0.0,"","","R215 CAC Top Tank Sub Assy",0.0,0.0,"Completed","","t4hkm7eo61",1,"","","","","",0,"",0,"","2fd42evhma",0.0,"HR-EMP-00001","","",0.0,"","","","","","2fdtrl1iog",4.0,"HR-EMP-00001","2026-07-25 14:00:42","",0.01668,"2026-07-25 14:00:43","","","","","","","","","","","","","","","","","","","","","",""
"JC-WO/260714/0013-001","JC-.{work_order}.-.###.","WO/260714/0013","Teksons Pvt Ltd","Tube Sheet Cutting","WIP Warehouse - TPL","Cut To Length",80.0,"2026-07-14",80.0,0.0,"","R215 Tube Sheet For CAC 0.6*110*941","BOM-R215 Tube Sheet For CAC 0.6*110*941-001",80.0,0.0,0.0,"",0.0,"","2026-07-25 13:44:02",0.03336,"2026-07-25 13:44:04","Completed","Cut To Length","Ralu In",1,"Completed",1,"Operation Completed","","","",0,0.0,"","","R215 Tube Sheet For CAC 0.6*110*941",0.0,0.0,"Completed","","t4hjd8d4br",1,"","","","","",0,"",0,"","omuolfh37n",0.0,"HR-EMP-00001","","",0.0,"","","","","","omukh8lbuq",80.0,"HR-EMP-00001","2026-07-25 13:44:02","",0.03336,"2026-07-25 13:44:04","","","","","","","","","","","","","","","","","","","","","",""
"JC-WO/260714/0012-001","JC-.{work_order}.-.###.","WO/260714/0012","Teksons Pvt Ltd","Bar Cutting","WIP Warehouse - TPL","Bar_Circular Saw Machine",72.0,"2026-07-14",72.0,0.0,"","R215 Spacer Bar for CAC 8*10*941","BOM-R215 Spacer Bar for CAC 8*10*941-001",72.0,0.0,0.0,"",0.0,"","2026-07-25 13:43:45",0.04998,"2026-07-25 13:43:48","Completed","Aluminium Bar Cutting","Ralu In",1,"Completed",1,"Operation Completed","","","",0,0.0,"","","R215 Spacer Bar for CAC 8*10*941",0.0,0.0,"Completed","","t4hd0t1oq1",1,"","","","","",0,"",0,"","ohmvf8m5nm",0.0,"HR-EMP-00001","","",0.0,"","","","","","ohmhod62ri",72.0,"HR-EMP-00001","2026-07-25 13:43:45","",0.04998,"2026-07-25 13:43:48","","","","","","","","","","","","","","","","","","","","","",""
"JC-WO/260714/0011-001","JC-.{work_order}.-.###.","WO/260714/0011","Teksons Pvt Ltd","Bar Cutting","WIP Warehouse - TPL","Bar_Circular Saw Machine",496.0,"2026-07-14",496.0,0.0,"","Spacer Bar 9.5×15×110","BOM-Spacer Bar 9.5×15×110-001",496.0,0.0,0.0,"",0.0,"","2026-07-25 13:43:34",0.04998,"2026-07-25 13:43:37","Completed","Aluminium Bar Cutting","Ralu In",1,"Completed",1,"Operation Completed","","","",0,0.0,"","","Spacer Bar 9.5×15×110",0.0,0.0,"Completed","","t4g0rvjp9d",1,"","","","","",0,"",0,"","oecd0l41nq",0.0,"HR-EMP-00001","","",0.0,"","","","","","oecafbancp",496.0,"HR-EMP-00001","2026-07-25 13:43:34","",0.04998,"2026-07-25 13:43:37","","","","","","","","","","","","","","","","","","","","","",""
"JC-WO/260714/0010-001","JC-.{work_order}.-.###.","WO/260714/0010","Teksons Pvt Ltd","Fin Forming","WIP Warehouse - TPL","AL-M-16_Zig-Zag Fin Machine",144.0,"2026-07-14",144.0,0.0,"","Internal Fin For CAC 0.2*200*90","BOM-Internal Fin For CAC 0.2*200*90-001",144.0,0.0,0.0,"",0.0,"","2026-07-25 13:43:23",0.03336,"2026-07-25 13:43:25","Completed","Fin Forming and Cutting","Ralu In",1,"Completed",1,"Operation Completed","","","",0,0.0,"","","Internal Fin For CAC 0.2*200*90",0.0,0.0,"Completed","","t4gi4t8elq",1,"","","","","",0,"",0,"","oavltcmb3a",0.0,"HR-EMP-00001","","",0.0,"","","","","","oavah4ojpt",144.0,"HR-EMP-00001","2026-07-25 13:43:23","",0.03336,"2026-07-25 13:43:25","","","","","","","","","","","","","","","","","","","","","",""
"JC-WO/260714/0009-001","JC-.{work_order}.-.###.","WO/260714/0009","Teksons Pvt Ltd","Fin Forming","WIP Warehouse - TPL","AL-M-16_Zig-Zag Fin Machine",36.0,"2026-07-14",36.0,0.0,"","Internal Fin For CAC 0.2*140*90","BOM-Internal Fin For CAC 0.2*140*90-001",36.0,0.0,0.0,"",0.0,"","2026-07-25 13:43:07",0.03336,"2026-07-25 13:43:09","Completed","Fin Forming and Cutting","Ralu In",1,"Completed",1,"Operation Completed","","","",0,0.0,"","","Internal Fin For CAC 0.2*140*90",0.0,0.0,"Completed","","t4g3n0k383",1,"","","","","",0,"",0,"","o5tf9aqr48",0.0,"HR-EMP-00001","","",0.0,"","","","","","o5to8v6d1v",36.0,"HR-EMP-00001","2026-07-25 13:43:07","",0.03336,"2026-07-25 13:43:09","","","","","","","","","","","","","","","","","","","","","",""
"JC-WO/260714/0008-001","JC-.{work_order}.-.###.","WO/260714/0008","Teksons Pvt Ltd","Fin Forming","WIP Warehouse - TPL","AL-M-16_Zig-Zag Fin Machine",16.0,"2026-07-14",16.0,0.0,"","R215 External Fin For CAC 0.3*110*911","BOM-R215 External Fin For CAC 0.3*110*911-001",16.0,0.0,0.0,"",0.0,"","2026-07-25 13:42:56",0.04998,"2026-07-25 13:42:59","Completed","Fin Forming and Cutting","Ralu In",1,"Completed",1,"Operation Completed","","","",0,0.0,"","","R215 External Fin For CAC 0.3*110*911",0.0,0.0,"Completed","","t4g7qrsk4m",1,"","","","","",0,"",0,"","o2giagbijo",0.0,"HR-EMP-00001","","",0.0,"","","","","","o2g50otf3n",16.0,"HR-EMP-00001","2026-07-25 13:42:56","",0.04998,"2026-07-25 13:42:59","","","","","","","","","","","","","","","","","","","","","",""
"JC-WO/260714/0007-001","JC-.{work_order}.-.###.","WO/260714/0007","Teksons Pvt Ltd","Fin Forming","WIP Warehouse - TPL","AL-M-16_Zig-Zag Fin Machine",24.0,"2026-07-14",24.0,0.0,"","R215 External Fin For CAC 0.2*110*911","BOM-R215 External Fin For CAC 0.2*110*911-001",24.0,0.0,0.0,"",0.0,"","2026-07-25 13:42:41",0.03336,"2026-07-25 13:42:43","Completed","Fin Forming and Cutting","Ralu In",1,"Completed",1,"Operation Completed","","","",0,0.0,"","","R215 External Fin For CAC 0.2*110*911",0.0,0.0,"Completed","","t4gdau48i2",1,"","","","","",0,"",0,"","ntl3mpgeh8",0.0,"HR-EMP-00001","","",0.0,"","","","","","ntlvoc6fnu",24.0,"HR-EMP-00001","2026-07-25 13:42:41","",0.03336,"2026-07-25 13:42:43","","","","","","","","","","","","","","","","","","","","","",""
"JC-WO/260714/0006-001","JC-.{work_order}.-.###.","WO/260714/0006","Teksons Pvt Ltd","Shearing","WIP Warehouse - TPL","W01_Shearing Machine",4.0,"2026-07-14",4.0,0.0,"","R215 CAC Core End Plate 5X165X941","BOM-R215 CAC Core End Plate 5X165X941-001",4.0,0.0,0.0,"",0.0,"","2026-07-16 09:54:09",0.03336,"2026-07-16 09:54:11","Awaiting","Shearing Machine","W",0,"",0,"","","","",0,0.0,"","","R215 CAC Core End Plate 5X165X941",0.0,0.0,"Completed","","t4fjg29crf",1,"","","","","",0,"",0,"","88qn1f5snb",0.0,"HR-EMP-00001","","",0.0,"","","","","","88qhfh5md8",4.0,"HR-EMP-00001","2026-07-16 09:54:09","",0.03336,"2026-07-16 09:54:11","","","","","","","","","","","","","","","","","","","","","",""
"JC-WO/260714/0005-002","JC-.{work_order}.-.###.","WO/260714/0005","Teksons Pvt Ltd","Sr. No. Punching","WIP Warehouse - TPL","RP-36_Hydro Pneumatic Press Machine",4.0,"2026-07-14",4.0,0.0,"","R215 CAC Core End Plate 5X140X941","BOM-R215 CAC Core End Plate 5X140X941-001",4.0,0.0,0.0,"",0.0,"","2026-07-25 14:10:55",0.03336,"2026-07-25 14:10:57","Completed","Sr. No. Punching","RP",1,"Completed",1,"Operation Completed","","","",0,0.0,"","","R215 CAC Core End Plate 5X140X941",0.0,0.0,"Completed","","t4fh8setl5",2,"","","","","",0,"",0,"","8f5koe7u9k",0.0,"HR-EMP-00001","","",0.0,"","","","","","8f565pl0g9",4.0,"HR-EMP-00001","2026-07-25 14:10:55","",0.03336,"2026-07-25 14:10:57","","","","","","","","","","","","","","","","","","","","","",""
"JC-WO/260714/0005-001","JC-.{work_order}.-.###.","WO/260714/0005","Teksons Pvt Ltd","Folding","WIP Warehouse - TPL","RA-15_Hydraulic Press",4.0,"2026-07-14",4.0,0.0,"","R215 CAC Core End Plate 5X140X941","BOM-R215 CAC Core End Plate 5X140X941-001",4.0,0.0,0.0,"",0.0,"","2026-07-25 13:54:22",0.03336,"2026-07-25 13:54:24","Completed","Folding","RA",1,"Completed",1,"Operation Completed","","","",0,0.0,"","","R215 CAC Core End Plate 5X140X941",0.0,0.0,"Completed","","t4fcj7q8mo",1,"","","","","",0,"",0,"","uol2bbjt5e",0.0,"HR-EMP-00001","","",0.0,"","","","","","uoljg49fkk",4.0,"HR-EMP-00001","2026-07-25 13:54:22","",0.03336,"2026-07-25 13:54:24","","","","","","","","","","","","","","","","","","","","","",""
"JC-WO/260714/0004-001","JC-.{work_order}.-.###.","WO/260714/0004","Teksons Pvt Ltd","Shearing","WIP Warehouse - TPL","W01_Shearing Machine",4.0,"2026-07-14",4.0,0.0,"","R215 CAC Core End Plate 2.5X110X941","BOM-R215 CAC Core End Plate 2.5X110X941-001",4.0,0.0,0.0,"",0.0,"","2026-07-16 09:52:36",0.06666,"2026-07-16 09:52:40","Awaiting","Shearing Machine","W",0,"",0,"","","","",0,0.0,"","","R215 CAC Core End Plate 2.5X110X941",0.0,0.0,"Completed","","t4fn31e2oi",1,"","","","","",0,"",0,"","7c0obin3ar",0.0,"HR-EMP-00001","","",0.0,"","","","","","7c0997ic8h",4.0,"HR-EMP-00001","2026-07-16 09:52:36","",0.06666,"2026-07-16 09:52:40","","","","","","","","","","","","","","","","","","","","","",""
"JC-WO/260714/0003-002","JC-.{work_order}.-.###.","WO/260714/0003","Teksons Pvt Ltd","Core Brazing","WIP Warehouse - TPL","Brazing Furnace",4.0,"2026-07-14",4.0,0.0,"","R215 CAC Core","BOM-R215 CAC Core-001",4.0,0.0,0.0,"",0.0,"","2026-07-25 13:46:47",0.03336,"2026-07-25 13:46:49","Completed","Brazing Furnace","Ralu In",1,"Completed",1,"Operation Completed","","","",0,0.0,"","","R215 CAC Core",0.0,0.0,"Completed","","t4fp2jvb4k",2,"","","","","",0,"",0,"","qanqn1vk1d",0.0,"HR-EMP-00001","","",0.0,"","","","","","qanc1mtuqh",4.0,"HR-EMP-00001","2026-07-25 13:46:47","",0.03336,"2026-07-25 13:46:49","","","","","","","","","","","","","","","","","","","","","",""
"JC-WO/260714/0003-001","JC-.{work_order}.-.###.","WO/260714/0003","Teksons Pvt Ltd","Core Assembly","WIP Warehouse - TPL","01_Fixing Table",4.0,"2026-07-14",4.0,0.0,"","R215 CAC Core","BOM-R215 CAC Core-001",4.0,0.0,0.0,"",0.0,"","2026-07-25 12:26:58",0.06666,"2026-07-25 12:27:02","Completed","Core Fixing","Ralu In",1,"Completed",1,"Operation Completed","","","",0,0.0,"","","R215 CAC Core",0.0,0.0,"Completed","","t4ffajbta3",1,"","","","","",0,"",0,"","bigokh6oh5",0.0,"HR-EMP-00001","","",0.0,"","","","","","bigmelmbln",4.0,"HR-EMP-00001","2026-07-25 12:26:58","",0.06666,"2026-07-25 12:27:02","","","","","","","","","","","","","","","","","","","","","",""
"JC-WO/260714/0002-003","JC-.{work_order}.-.###.","WO/260714/0002","Teksons Pvt Ltd","Leak Testing","WIP Warehouse - TPL","01_Leak Test Tank",4.0,"2026-07-14",0.0,0.0,"","R215 CAC","BOM-R215 CAC-001",4.0,0.0,0.0,"",0.0,"","",0.0,"","Awaiting Previous Operation","Leak Test","Ralu Weld",0,"Waiting",0,"Previous operation pending","","","",0,0.0,"","","Charge Air Cooler",0.0,0.0,"Open","","t4e6qnrd6f",3,"","","","","",0,"",0,"","","","","","","","","","","","","","","","","","","","","","","","","","","","","","","","","","","","","","","","",""
"JC-WO/260714/0002-002","JC-.{work_order}.-.###.","WO/260714/0002","Teksons Pvt Ltd","Angle Assembly","WIP Warehouse - TPL","ALU-M-08_Mig Welding Machine",4.0,"2026-07-14",0.0,0.0,"","R215 CAC","BOM-R215 CAC-001",4.0,0.0,0.0,"",0.0,"","",0.0,"","Awaiting Previous Operation","Mig Welding","Ralu Weld",0,"Waiting",0,"Previous operation pending","","","",0,0.0,"","","Charge Air Cooler",0.0,0.0,"Open","","t4ej44od0l",2,"","","","","",0,"",0,"","","","","","","","","","","","","","","","","","","","","","","","","","","","","","","","","","","","","","","","",""
"JC-WO/260714/0002-001","JC-.{work_order}.-.###.","WO/260714/0002","Teksons Pvt Ltd","Tank To Core","WIP Warehouse - TPL","ALU-M-08_Mig Welding Machine",4.0,"2026-07-14",0.0,0.0,"","R215 CAC","BOM-R215 CAC-001",4.0,0.0,0.0,"",0.0,"","",0.0,"","Awaiting Material","Mig Welding","Ralu Weld",0,"Waiting",0,"Work Order Status : Not Started","","","",0,0.0,"","","Charge Air Cooler",0.0,0.0,"Open","","t4e37n87dv",1,"","","","","",0,"",0,"","","","","","","","","","","","","","","","","","","","","","","","","","","","","","","","","","","","","","","","",""
"JC-WO/260714/0001-002","JC-.{work_order}.-.###.","WO/260714/0001","Teksons Pvt Ltd","PDI","WIP Warehouse - TPL","PDI",4.0,"2026-07-14",4.0,0.0,"","R215 Combi Cooler","BOM-R215-001",4.0,0.0,0.0,"",0.0,"","2026-07-25 14:01:14",0.3,"2026-07-25 14:01:32","Completed","PDI","Ralu Weld",1,"Completed",1,"Operation Completed","","","",0,0.0,"","","Hyundai R215 Combi Cooler",0.0,0.0,"Completed","","t4evkskb81",2,"","","","","",0,"",0,"","2plod0v3sb",0.0,"HR-EMP-00001","","",0.0,"","","","","","2plhbnehhq",4.0,"HR-EMP-00001","2026-07-25 14:01:14","",0.3,"2026-07-25 14:01:32","","","","","","","","","","","","","","","","","","","","","",""
"JC-WO/260714/0001-001","JC-.{work_order}.-.###.","WO/260714/0001","Teksons Pvt Ltd","Final Assembly","WIP Warehouse - TPL","Final Assembly",4.0,"2026-07-14",4.0,0.0,"","R215 Combi Cooler","BOM-R215-001",4.0,0.0,0.0,"",0.0,"","2026-07-24 11:31:25",0.08334,"2026-07-24 11:31:30","Completed","Final Assembly","Ralu Weld",1,"Completed",1,"Operation Completed","","","",0,0.0,"","","Hyundai R215 Combi Cooler",0.0,0.0,"Completed","","t4eqsruku8",1,"","","","","",0,"",0,"","v8gahqv1hd",0.0,"HR-EMP-00001","","",0.0,"","","","","","v8gqin4npn",4.0,"HR-EMP-00001","2026-07-24 11:31:25","",0.08334,"2026-07-24 11:31:30","","","","","","","","","","","","","","","","","","","","","",""
