"ID","Purpose","Item Code (Items)","Quantity (Items)","Required By (Items)","Stock UOM (Items)","UOM (Items)","UOM Conversion Factor (Items)","Target Warehouse (Items)","Source Warehouse (Items)"
"MAT-MR-2026-00007","Purchase","R215 LH – RH Condenser MTG BKT",1.0,"2026-08-09","Set","Set",1.0,"WIP-CNC - TPL",""
"","","Rivets - 4.8 X 12.5",4.0,"2026-08-09","Nos","Nos",1.0,"WIP-CNC - TPL",""
"","","Tank End Plate 70*5*595",1.0,"2026-08-09","Nos","Nos",1.0,"WIP-CNC - TPL",""
"MAT-MR-2026-00006","Material Transfer","0261Oc-Alu-2-004",1.0,"2026-08-09","Nos","Nos",1.0,"WIP-CNC - TPL","BOF Stores - TPL"
"","","Aluminium Coil 0.2*110",5.679,"2026-08-09","Kg","Kg",1.0,"WIP-CNC - TPL","BOF Stores - TPL"
"","","Aluminium Coil 0.2×140",0.207,"2026-08-09","Kg","Kg",1.0,"WIP-CNC - TPL","BOF Stores - TPL"
"","","Aluminium Coil 0.2×200MM",1.188,"2026-08-09","Kg","Kg",1.0,"WIP-CNC - TPL","BOF Stores - TPL"
"","","Aluminium Coil 0.2×250 Thk",0.288,"2026-08-09","Kg","Kg",1.0,"WIP-CNC - TPL","BOF Stores - TPL"
"","","Aluminium Coil 0.2×300",2.088,"2026-08-09","Kg","Kg",1.0,"WIP-CNC - TPL","BOF Stores - TPL"
"","","Aluminium Coil 0.3*110MM",12.838,"2026-08-09","Kg","Kg",1.0,"WIP-CNC - TPL","BOF Stores - TPL"
"","","Aluminium Coil 0.3×250MM",0.39,"2026-08-09","Kg","Kg",1.0,"WIP-CNC - TPL","BOF Stores - TPL"
"","","Aluminium Coil 0.3×300MM",2.808,"2026-08-09","Kg","Kg",1.0,"WIP-CNC - TPL","BOF Stores - TPL"
"","","Aluminium Coil 0.6*110MM",12.6,"2026-08-09","Kg","Kg",1.0,"WIP-CNC - TPL","BOF Stores - TPL"
"","","Aluminium Coil 0.7*110",11.61,"2026-08-09","Kg","Kg",1.0,"WIP-CNC - TPL","BOF Stores - TPL"
"","","Aluminium Extruded Bar (ALU-STD-0043)(3*7)",7.434,"2026-08-09","Kg","Kg",1.0,"WIP-CNC - TPL","BOF Stores - TPL"
"","","Aluminium Extrusion No 0.0318C-ALU-2-0033 (31*19*25)",1.56,"2026-08-09","Kg","Kg",1.0,"WIP-CNC - TPL","BOF Stores - TPL"
"","","Aluminium Extrusion No 0.0318C-ALU-2-0033 (31*19*25)",0.012,"2026-08-09","Kg","Kg",1.0,"WIP-CNC - TPL","Raw Material Stores - TPL"
"","","Aluminium Extrusion No 0.0318C-ALU-2-0034 (50*25*150)",1.024,"2026-08-09","Kg","Kg",1.0,"WIP-CNC - TPL","BOF Stores - TPL"
"","","Aluminium Extrusion No 0073C-ALU-2-0008 70(H)*113(W)*7.5(T)*377LG",6.22,"2026-08-09","Kg","Kg",1.0,"WIP-CNC - TPL","BOF Stores - TPL"
"","","Aluminium Extrusion No 0239C-ALU-2-0001 110(H)*113(W)*7.5(T)*186Kg",3.62,"2026-08-09","Kg","Kg",1.0,"WIP-CNC - TPL","BOF Stores - TPL"
"","","Aluminium Extrusion No 0253OC-ALU-2-0005 70(H)*113(W)*7.5(T)*345LG",4.9,"2026-08-09","Kg","Kg",1.0,"WIP-CNC - TPL","BOF Stores - TPL"
"","","Aluminium Extrusion No 398C-ALU-2-0027 ( 101*66*33 )",0.974,"2026-08-09","Kg","Kg",1.0,"WIP-CNC - TPL","Raw Material Stores - TPL"
"","","Aluminium Pipe ⌀ 76.0*3MM Thk",0.506,"2026-08-09","Kg","Kg",1.0,"WIP-CNC - TPL","BOF Stores - TPL"
"","","Aluminium Pipe 48.6*5MM Thk",0.36,"2026-08-09","Kg","Kg",1.0,"WIP-CNC - TPL","BOF Stores - TPL"
"","","Aluminium Pipe OD⌀10*ID⌀6*17L",0.002,"2026-08-09","Kg","Kg",1.0,"WIP-CNC - TPL","BOF Stores - TPL"
"","","Aluminium Plate 110*5*2250MM",0.596,"2026-08-09","Kg","Kg",1.0,"WIP-CNC - TPL","BOF Stores - TPL"
"","","Aluminium Plate 70*8*800MM",0.544,"2026-08-09","Kg","Kg",1.0,"WIP-CNC - TPL","BOF Stores - TPL"
"","","Aluminium Sheet 2.5MM Thk Without Cladded",3.007,"2026-08-09","Kg","Kg",1.0,"WIP-CNC - TPL","BOF Stores - TPL"
"","","Aluminium Sheet 5MM Thk",4.42,"2026-08-09","Kg","Kg",1.0,"WIP-CNC - TPL","BOF Stores - TPL"
"","","Aluminium Spacer Bar ( ALU STD 0061 ) ( 9.5*15 )",5.332,"2026-08-09","Kg","Kg",1.0,"WIP-CNC - TPL","BOF Stores - TPL"
"","","Aluminium Spacer Bar ALU-STD-0028 (8*10)",3.708,"2026-08-09","Kg","Kg",1.0,"WIP-CNC - TPL","BOF Stores - TPL"
"","","Bottom Foam",2.0,"2026-08-09","Nos","Nos",1.0,"WIP-CNC - TPL","BOF Stores - TPL"
"","","C Clamp Spacer",12.0,"2026-08-09","Nos","Nos",1.0,"WIP-CNC - TPL","BOF Stores - TPL"
"","","Drain Plug",2.0,"2026-08-09","Nos","Nos",1.0,"WIP-CNC - TPL","BOF Stores - TPL"
"","","EPDM Drain Hose",1.0,"2026-08-09","Nos","Nos",1.0,"WIP-CNC - TPL","BOF Stores - TPL"
"","","Filler Neck 14PSI",1.0,"2026-08-09","Nos","Nos",1.0,"WIP-CNC - TPL","BOF Stores - TPL"
"","","Filler Neck Over Flow Pipe",1.0,"2026-08-09","Nos","Nos",1.0,"WIP-CNC - TPL","BOF Stores - TPL"
"","","Foam",1.0,"2026-08-09","Set","Set",1.0,"WIP-CNC - TPL","BOF Stores - TPL"
"","","Foam for CAC",2.0,"2026-08-09","Nos","Nos",1.0,"WIP-CNC - TPL","BOF Stores - TPL"
"","","Foam for gap B/W Cooler and F/C",2.0,"2026-08-09","Nos","Nos",1.0,"WIP-CNC - TPL","BOF Stores - TPL"
"","","Foam for OIL Cooler",2.0,"2026-08-09","Nos","Nos",1.0,"WIP-CNC - TPL","BOF Stores - TPL"
"","","GI - 0.5MM Thk",0.288,"2026-08-09","Kg","Kg",1.0,"WIP-CNC - TPL","Raw Material Stores - TPL"
"","","Helicoil Insert M 12 X 1.75 X 18Mm",2.0,"2026-08-09","Nos","Nos",1.0,"WIP-CNC - TPL","BOF Stores - TPL"
"","","Helicoil Insert M10 X 1.5 X 15 Mm",36.0,"2026-08-09","Nos","Nos",1.0,"WIP-CNC - TPL","BOF Stores - TPL"
"","","Helicoil Insert M8 X 1.25 X 16Mm (2 D)",4.0,"2026-08-09","Nos","Nos",1.0,"WIP-CNC - TPL","BOF Stores - TPL"
"","","HEX Head Bolt M10*1.5P*30LG",28.0,"2026-08-09","Nos","Nos",1.0,"WIP-CNC - TPL","BOF Stores - TPL"
"","","HEX Head Bolt M8*1.25P*25LG",18.0,"2026-08-09","Nos","Nos",1.0,"WIP-CNC - TPL","BOF Stores - TPL"
"","","HEX Nut M8*1.25P",2.0,"2026-08-09","Nos","Nos",1.0,"WIP-CNC - TPL","BOF Stores - TPL"
"","","Hose Clip",1.0,"2026-08-09","Nos","Nos",1.0,"WIP-CNC - TPL","BOF Stores - TPL"
"","","M10 Plain Washer",28.0,"2026-08-09","Nos","Nos",1.0,"WIP-CNC - TPL","BOF Stores - TPL"
"","","M10 Spring Washer",28.0,"2026-08-09","Nos","Nos",1.0,"WIP-CNC - TPL","BOF Stores - TPL"
"","","M8 Nuts",2.0,"2026-08-09","Nos","Nos",1.0,"WIP-CNC - TPL","BOF Stores - TPL"
"","","M8 Plain Washer",26.0,"2026-08-09","Nos","Nos",1.0,"WIP-CNC - TPL","BOF Stores - TPL"
"","","M8 Spring Washer",26.0,"2026-08-09","Nos","Nos",1.0,"WIP-CNC - TPL","BOF Stores - TPL"
"","","MS",0.612,"2026-08-09","Kg","Kg",1.0,"WIP-CNC - TPL","BOF Stores - TPL"
"","","MS - 1 MM Thk",0.234,"2026-08-09","Kg","Kg",1.0,"WIP-CNC - TPL","BOF Stores - TPL"
"","","MS - 1.5 MM Thk",0.037,"2026-08-09","Kg","Kg",1.0,"WIP-CNC - TPL","BOF Stores - TPL"
"","","MS - 1.5MM Thk",0.026,"2026-08-09","Kg","Kg",1.0,"WIP-CNC - TPL","BOF Stores - TPL"
"","","MS - 2MM Thk",0.27,"2026-08-09","Kg","Kg",1.0,"WIP-CNC - TPL","BOF Stores - TPL"
"","","Pressure Cap",1.0,"2026-08-09","Nos","Nos",1.0,"WIP-CNC - TPL","BOF Stores - TPL"
"","","Protective Cap for CAC",2.0,"2026-08-09","Nos","Nos",1.0,"WIP-CNC - TPL","BOF Stores - TPL"
"","","Protective cap for OC",2.0,"2026-08-09","Nos","Nos",1.0,"WIP-CNC - TPL","BOF Stores - TPL"
"","","Protective Cap for Radiator",2.0,"2026-08-09","Nos","Nos",1.0,"WIP-CNC - TPL","BOF Stores - TPL"
"","","R215 Bottom Cover Assembly",1.0,"2026-08-09","Nos","Nos",1.0,"WIP-CNC - TPL","BOF Stores - TPL"
"","","R215 Fan Cowl",1.0,"2026-08-09","Nos","Nos",1.0,"WIP-CNC - TPL","BOF Stores - TPL"
"","","R215 Finger Guard",1.0,"2026-08-09","Nos","Nos",1.0,"WIP-CNC - TPL","BOF Stores - TPL"
"","","R215 Top Cover Assembly",1.0,"2026-08-09","Nos","Nos",1.0,"WIP-CNC - TPL","BOF Stores - TPL"
"","","RAD Drain Bush",1.0,"2026-08-09","Nos","Nos",1.0,"WIP-CNC - TPL","BOF Stores - TPL"
"","","Rubber Seal",1.0,"2026-08-09","Nos","Nos",1.0,"WIP-CNC - TPL","BOF Stores - TPL"
"","","SQ Nut M8*1.25P",8.0,"2026-08-09","Nos","Nos",1.0,"WIP-CNC - TPL","BOF Stores - TPL"
"","","Sticker (Part No)",1.0,"2026-08-09","Nos","Nos",1.0,"WIP-CNC - TPL","BOF Stores - TPL"
"","","Sticker (Serial No)",1.0,"2026-08-09","Nos","Nos",1.0,"WIP-CNC - TPL","BOF Stores - TPL"
"","","Sticker (Warning)",1.0,"2026-08-09","Nos","Nos",1.0,"WIP-CNC - TPL","BOF Stores - TPL"
"","","U Piece Angle-1 for Flyscreen - 910(L)*15(W)*7(T)",4.0,"2026-08-09","Nos","Nos",1.0,"WIP-CNC - TPL","BOF Stores - TPL"
"","","U Piece Angle-2 for Flyscreen - 529(W)*15(H)*7(T)",4.0,"2026-08-09","Nos","Nos",1.0,"WIP-CNC - TPL","BOF Stores - TPL"
"","","Wing Bolt",8.0,"2026-08-09","Nos","Nos",1.0,"WIP-CNC - TPL","BOF Stores - TPL"
