Item Code,From Warehouse,To (WIP),WO Qty Needed,Already in WIP,Shortage
0261Oc-Alu-2-004,BOF Stores - TPL,WIP-Ralu Weld - TPL,1,0,1
Bottom Foam,BOF Stores - TPL,WIP-Ralu Weld - TPL,2,0,2
C Clamp Spacer,BOF Stores - TPL,WIP-Ralu Weld - TPL,12,0,12
Drain Plug,BOF Stores - TPL,WIP-Ralu Weld - TPL,1,0,1
Drain Plug,BOF Stores - TPL,WIP-Ralu Weld - TPL,1,0,1
EPDM Drain Hose,BOF Stores - TPL,WIP-Ralu Weld - TPL,1,0,1
Filler Neck 14PSI,BOF Stores - TPL,WIP-Ralu Weld - TPL,1,0,1
Filler Neck Over Flow Pipe,BOF Stores - TPL,WIP-Ralu Weld - TPL,1,0,1
Foam,BOF Stores - TPL,WIP-Ralu Weld - TPL,1,0,1
Foam for CAC,BOF Stores - TPL,WIP-Ralu Weld - TPL,2,0,2
Foam for gap B/W Cooler and F/C,BOF Stores - TPL,WIP-Ralu Weld - TPL,2,0,2
Foam for OIL Cooler,BOF Stores - TPL,WIP-Ralu Weld - TPL,2,0,2
Helicoil Insert M 12 X 1.75 X 18Mm,BOF Stores - TPL,WIP-CNC - TPL,2,0,2
Helicoil Insert M10 X 1.5 X 15 Mm,BOF Stores - TPL,WIP-CNC - TPL,4,0,4
Helicoil Insert M10 X 1.5 X 15 Mm,BOF Stores - TPL,WIP-CNC - TPL,4,0,4
Helicoil Insert M10 X 1.5 X 15 Mm,BOF Stores - TPL,WIP-Ralu Weld - TPL,6,0,6
Helicoil Insert M10 X 1.5 X 15 Mm,BOF Stores - TPL,WIP-CNC - TPL,8,0,8
Helicoil Insert M10 X 1.5 X 15 Mm,BOF Stores - TPL,WIP-Ralu Weld - TPL,4,0,4
Helicoil Insert M10 X 1.5 X 15 Mm,BOF Stores - TPL,WIP-Ralu Weld - TPL,4,0,4
Helicoil Insert M8 X 1.25 X 16Mm (2 D),BOF Stores - TPL,WIP-CNC - TPL,4,0,4
HEX Head Bolt M10*1.5P*30LG,BOF Stores - TPL,WIP-Ralu Weld - TPL,28,0,28
HEX Head Bolt M8*1.25P*25LG,BOF Stores - TPL,WIP-Ralu Weld - TPL,18,0,18
HEX Nut M8*1.25P,BOF Stores - TPL,WIP-W - TPL,1,0,1
HEX Nut M8*1.25P,BOF Stores - TPL,WIP-W - TPL,1,0,1
Hose Clip,BOF Stores - TPL,WIP-Ralu Weld - TPL,1,0,1
M10 Plain Washer,BOF Stores - TPL,WIP-Ralu Weld - TPL,28,0,28
M10 Spring Washer,BOF Stores - TPL,WIP-Ralu Weld - TPL,28,0,28
M8 Nuts,BOF Stores - TPL,WIP-Ralu Weld - TPL,2,0,2
M8 Plain Washer,BOF Stores - TPL,WIP-Ralu Weld - TPL,26,0,26
M8 Spring Washer,BOF Stores - TPL,WIP-Ralu Weld - TPL,26,0,26
Pressure Cap,BOF Stores - TPL,WIP-Ralu Weld - TPL,1,0,1
Protective Cap for CAC,BOF Stores - TPL,WIP-Ralu Weld - TPL,2,0,2
Protective cap for OC,BOF Stores - TPL,WIP-Ralu Weld - TPL,2,0,2
Protective Cap for Radiator,BOF Stores - TPL,WIP-Ralu Weld - TPL,2,0,2
R215 Fan Cowl,BOF Stores - TPL,WIP-RA - TPL,1,0,1
R215 Finger Guard,BOF Stores - TPL,WIP-Ralu Weld - TPL,1,0,1
R215 LH – RH Condenser MTG BKT,BOF Stores - TPL,WIP-RA - TPL,1,0,1
R215 Top Cover Assembly,BOF Stores - TPL,WIP-RA - TPL,1,0,1
RAD Drain Bush,BOF Stores - TPL,WIP-Ralu Weld - TPL,1,0,1
Rivets - 4.8 X 12.5,BOF Stores - TPL,WIP-Ralu Weld - TPL,4,0,4
Rubber Seal,BOF Stores - TPL,WIP-Ralu Weld - TPL,1,0,1
SQ Nut M8*1.25P,BOF Stores - TPL,WIP-RP - TPL,8,0,8
Sticker (Part No),BOF Stores - TPL,WIP-Ralu Weld - TPL,1,0,1
Sticker (Serial No),BOF Stores - TPL,WIP-Ralu Weld - TPL,1,0,1
Sticker (Warning),BOF Stores - TPL,WIP-Ralu Weld - TPL,1,0,1
U Piece Angle-1 for Flyscreen - 910(L)*15(W)*7(T),BOF Stores - TPL,WIP-RA - TPL,2,0,2
U Piece Angle-1 for Flyscreen - 910(L)*15(W)*7(T),BOF Stores - TPL,WIP-RA - TPL,2,0,2
U Piece Angle-2 for Flyscreen - 529(W)*15(H)*7(T),BOF Stores - TPL,WIP-RA - TPL,2,0,2
U Piece Angle-2 for Flyscreen - 529(W)*15(H)*7(T),BOF Stores - TPL,WIP-RA - TPL,2,0,2
Wing Bolt,BOF Stores - TPL,WIP-Ralu Weld - TPL,8,0,8
Aluminium Coil 0.2*110,Raw Material Stores - TPL,WIP-Ralu In - TPL,1.29,0,1.29
Aluminium Coil 0.2*110,Raw Material Stores - TPL,WIP-Ralu In - TPL,4.39,0,4.39
Aluminium Coil 0.2×140,Raw Material Stores - TPL,WIP-Ralu In - TPL,0.21,0,0.21
Aluminium Coil 0.2×200MM,Raw Material Stores - TPL,WIP-Ralu In - TPL,1.19,0,1.19
Aluminium Coil 0.2×250 Thk,Raw Material Stores - TPL,WIP-Ralu In - TPL,0.29,0,0.29
Aluminium Coil 0.2×300,Raw Material Stores - TPL,WIP-Ralu In - TPL,2.09,0,2.09
Aluminium Coil 0.3*110MM,Raw Material Stores - TPL,WIP-Ralu In - TPL,1.29,0,1.29
Aluminium Coil 0.3*110MM,Raw Material Stores - TPL,WIP-Ralu In - TPL,11.55,0,11.55
Aluminium Coil 0.3×250MM,Raw Material Stores - TPL,WIP-Ralu In - TPL,0.39,0,0.39
Aluminium Coil 0.3×300MM,Raw Material Stores - TPL,WIP-Ralu In - TPL,2.81,0,2.81
Aluminium Coil 0.6*110MM,Raw Material Stores - TPL,WIP-Ralu In - TPL,3.4,0,3.4
Aluminium Coil 0.6*110MM,Raw Material Stores - TPL,WIP-Ralu In - TPL,9.2,0,9.2
Aluminium Coil 0.7*110,Raw Material Stores - TPL,WIP-Ralu In - TPL,11.61,0,11.61
Aluminium Extruded Bar (ALU-STD-0043)(3*7),Raw Material Stores - TPL,WIP-Ralu In - TPL,7.43,0,7.43
Aluminium Extrusion No 0.0318C-ALU-2-0033 (31*19*25),Raw Material Stores - TPL,WIP-CNC - TPL,1.57,0,1.57
Aluminium Extrusion No 0.0318C-ALU-2-0034 (50*25*150),Raw Material Stores - TPL,WIP-CNC - TPL,1.02,0,1.02
Aluminium Extrusion No 0073C-ALU-2-0008 70(H)*113(W)*7.5(T)*377LG,Raw Material Stores - TPL,WIP-CNC - TPL,6.22,0,6.22
Aluminium Extrusion No 0239C-ALU-2-0001 110(H)*113(W)*7.5(T)*186Kg,Raw Material Stores - TPL,WIP-CNC - TPL,3.62,0,3.62
Aluminium Extrusion No 0253OC-ALU-2-0005 70(H)*113(W)*7.5(T)*345LG,Raw Material Stores - TPL,WIP-CNC - TPL,2,0,2
Aluminium Extrusion No 398C-ALU-2-0027 ( 101*66*33 ),Raw Material Stores - TPL,WIP-CNC - TPL,0.97,0,0.97
Aluminium Pipe ⌀ 76.0*3MM Thk,Raw Material Stores - TPL,WIP-Ralu Weld - TPL,0.51,0,0.51
Aluminium Pipe 48.6*5MM Thk,Raw Material Stores - TPL,WIP-Ralu Weld - TPL,0.36,0,0.36
Aluminium Pipe OD⌀10*ID⌀6*17L,Raw Material Stores - TPL,WIP-Ralu Weld - TPL,1,0,1
Aluminium Plate 110*5*2250MM,Raw Material Stores - TPL,WIP-CNC - TPL,0.89,0,0.89
Aluminium Plate 70*8*800MM,Raw Material Stores - TPL,WIP-RP - TPL,1.22,0,1.22
Aluminium Sheet 2.5MM Thk Without Cladded,Raw Material Stores - TPL,WIP-W - TPL,0.71,0,0.71
Aluminium Sheet 2.5MM Thk Without Cladded,Raw Material Stores - TPL,WIP-W - TPL,2.3,0,2.3
Aluminium Sheet 5MM Thk,Raw Material Stores - TPL,WIP-W - TPL,2.12,0,2.12
Aluminium Sheet 5MM Thk,Raw Material Stores - TPL,WIP-W - TPL,2.3,0,2.3
Aluminium Spacer Bar ( ALU STD 0061 ) ( 9.5*15 ),Raw Material Stores - TPL,WIP-Ralu In - TPL,5.33,0,5.33
Aluminium Spacer Bar ALU-STD-0028 (8*10),Raw Material Stores - TPL,WIP-Ralu In - TPL,3.71,0,3.71
GI - 0.5MM Thk,Raw Material Stores - TPL,WIP-RP - TPL,0.29,0,0.29
MS,Raw Material Stores - TPL,WIP-RA - TPL,0.28,0,0.28
MS,Raw Material Stores - TPL,WIP-RA - TPL,0.33,0,0.33
MS - 1 MM Thk,Raw Material Stores - TPL,WIP-W - TPL,0.21,0,0.21
MS - 1 MM Thk,Raw Material Stores - TPL,WIP-CNC - TPL,0.02,0,0.02
MS - 1.5 MM Thk,Raw Material Stores - TPL,WIP-W - TPL,0.04,0,0.04
MS - 1.5MM Thk,Raw Material Stores - TPL,WIP-W - TPL,0.03,0,0.03
MS - 2MM Thk,Raw Material Stores - TPL,WIP-W - TPL,0.14,0,0.14
MS - 2MM Thk,Raw Material Stores - TPL,WIP-W - TPL,0.13,0,0.13
R215 Bottom Cover Assembly,Raw Material Stores - TPL,WIP-RA - TPL,1,0,1
Tank End Plate 70*5*595,Raw Material Stores - TPL,WIP-RP - TPL,1,0,1
