"ID","Status","Item To Manufacture","BOM No","Qty To Manufacture","Target Warehouse","Planned Start Date","Stock UOM","Item Code (Required Items)","Operation (Required Items)","Required Qty (Required Items)","Stock UOM (Required Items)","Operation (Operations)","Sequence ID (Operations)","Planned Start Time (Operations)","Workstation (Operations)","Workstation Type (Operations)"
"WO/260808/0497","In Process","Nut Cover for Condenser Mounting 43*30.3*1","BOM-Nut Cover for Condenser Mounting 43*30.3*1-001",2.0,"WIP-Ralu Weld - TPL","2026-08-08 00:00:00","Nos","MS - 1 MM Thk","Shearing",0.02,"Kg","Shearing",1,"","","Accurate Cutting"
"","","","","","","","","","","","","Punching",2,"","","Corner Cutting, Punching, Folding and Blanking"
"WO/260808/0496","In Process","R215 Top Flyscreen Covering Plate 910X30X1","BOM-R215 Top Flyscreen Covering Plate 910X30X1-001",1.0,"WIP-RA - TPL","2026-08-08 00:00:00","Nos","MS - 1 MM Thk","Shearing",0.214,"Kg","Shearing",1,"","","Shearing Machine"
"WO/260808/0495","In Process","R215 Top Flyscreen Wire Mash 903X554","BOM-R215 Top Flyscreen Wire Mash 903X554-001",1.0,"WIP-RA - TPL","2026-08-08 00:00:00","Nos","MS","Rolling & Cutting",0.33,"Kg","Rolling & Cutting",1,"","","Manual Rolling and Cutting"
"WO/260808/0494","In Process","R215 Top Flyscreen Assembly","BOM-R215 Top Flyscreen Assembly-001",1.0,"WIP-Ralu Weld - TPL","2026-08-08 00:00:00","Nos","R215 Top Flyscreen Wire Mash 903X554","Assembly",1.0,"Nos","Assembly",1,"","","RA Assembly"
"","","","","","","","","U Piece Angle-1 for Flyscreen - 910(L)*15(W)*7(T)","Assembly",2.0,"Nos","Painting",2,"","","RA Painting"
"","","","","","","","","U Piece Angle-2 for Flyscreen - 529(W)*15(H)*7(T)","Assembly",2.0,"Nos","","","","",""
"","","","","","","","","R215 Top and Bottom Flyscreen Mounting Plate 35X30X2","Assembly",4.0,"Nos","","","","",""
"","","","","","","","","R215 Top Flyscreen Covering Plate 910X30X1","Assembly",1.0,"Nos","","","","",""
"WO/260808/0493","In Process","R215 Top Cover Assembly","BOM-R215 Top Cover Assembly-001",1.0,"WIP-Ralu Weld - TPL","2026-08-08 00:00:00","Nos","R215 Top Cover Assembly","Painting",1.0,"Nos","Painting",1,"","","RA Painting"
"WO/260808/0492","In Process","R215 Radiator Drain Pipe Od∅10 X 17 Lgx 3","BOM-R215 Radiator Drain Pipe Od∅10 X 17 Lgx 3-001",1.0,"WIP-Ralu Weld - TPL","2026-08-08 00:00:00","Nos","Aluminium Pipe OD⌀10*ID⌀6*17L","Cutting",0.0023,"Kg","Cutting",1,"","","Weld_Manual Cutting"
"WO/260808/0491","In Process","R215 RAD Top Tank","BOM-R215 RAD Top Tank-001",1.0,"WIP-Ralu Weld - TPL","2026-08-08 00:00:00","Nos","Helicoil Insert M10 X 1.5 X 15 Mm","Helicoil Insert",4.0,"Nos","Helicoil Insert",1,"","","Helicoil & Tapping"
"","","","","","","","","R215 RAD Top and Bottom Tank","Helicoil Insert",1.0,"Nos","","","","",""
"WO/260808/0490","In Process","R215 RAD Top Tank Sub Assy","BOM-R215 RAD Top Tank Sub Assy-001",1.0,"WIP-Ralu Weld - TPL","2026-08-08 00:00:00","Nos","Tank End Plate 97*62*5","Tank Assembly",2.0,"Nos","Tank Assembly",1,"","","Mig Welding"
"","","","","","","","","Filler Neck 14PSI","Tank Assembly",1.0,"Nos","","","","",""
"","","","","","","","","Filler Neck Over Flow Pipe","Tank Assembly",1.0,"Nos","","","","",""
"","","","","","","","","R215 RAD Inlet and Outlet Pipe","Tank Assembly",1.0,"Nos","","","","",""
"","","","","","","","","R215 RAD Top Tank","Tank Assembly",1.0,"Nos","","","","",""
"WO/260808/0489","Draft","Tank End Plate 97*62*5","BOM-Tank End Plate 97*62*5-001",4.0,"WIP-Ralu Weld - TPL","2026-08-08 00:00:00","Nos","Tank End Plate 70*5*595","Blanking",0.666666667,"Nos","Blanking",1,"","","Corner Cutting, Punching, Folding and Blanking"
"WO/260808/0488","In Process","R215 RAD Inlet and Outlet Pipe","BOM-R215 RAD Inlet and Outlet Pipe-001",2.0,"WIP-Ralu Weld - TPL","2026-08-08 00:00:00","Nos","Aluminium Pipe 48.6*5MM Thk","Cutting",0.36,"Kg","Cutting",1,"","","Weld_Manual Cutting"
"WO/260808/0487","In Process","R215 RAD Top and Bottom Tank","BOM-R215 RAD Top and Bottom Tank-001",2.0,"WIP-Ralu Weld - TPL","2026-08-08 00:00:00","Nos","Aluminium Extrusion No 0253OC-ALU-2-0005 70(H)*113(W)*7.5(T)*345LG","Size Cutting",4.9,"Kg","Size Cutting",1,"","","Accurate Cutting"
"WO/260808/0486","In Process","R215 RAD Bottom Tank","BOM-R215 RAD Bottom Tank-001",1.0,"WIP-Ralu Weld - TPL","2026-08-08 00:00:00","Nos","R215 RAD Top and Bottom Tank","Helicoil Insert",1.0,"Nos","Helicoil Insert",1,"","","Helicoil & Tapping"
"","","","","","","","","Helicoil Insert M10 X 1.5 X 15 Mm","Helicoil Insert",4.0,"Nos","","","","",""
"WO/260808/0485","In Process","R215 RAD Bottom Tank Sub Assy","BOM-R215 RAD Bottom Tank Sub Assy-001",1.0,"WIP-Ralu Weld - TPL","2026-08-08 00:00:00","Nos","R215 RAD Bottom Tank","Tank Assembly",1.0,"Nos","Tank Assembly",1,"","","Mig Welding"
"","","","","","","","","R215 RAD Inlet and Outlet Pipe","Tank Assembly",1.0,"Nos","","","","",""
"","","","","","","","","Tank End Plate 97*62*5","Tank Assembly",2.0,"Nos","","","","",""
"WO/260808/0484","In Process","Turbulator 0.2*300*96.0","BOM-Turbulator 0.2*300*96.0-001",72.0,"WIP-Ralu In - TPL","2026-08-08 00:00:00","Nos","Aluminium Coil 0.2×300","Turbu Forming",2.088,"Kg","Turbu Forming",1,"","","Turbulator Forming and Cutting"
"WO/260808/0483","In Process","Turbulator 0.2*250*96.0","BOM-Turbulator 0.2*250*96.0-001",12.0,"WIP-Ralu In - TPL","2026-08-08 00:00:00","Nos","Aluminium Coil 0.2×250 Thk","Turbu Forming",0.288,"Kg","Turbu Forming",1,"","","Turbulator Forming and Cutting"
"WO/260808/0482","In Process","R215 RAD Tube Sheet 0.6*110*1021","BOM-R215 RAD Tube Sheet 0.6*110*1021-001",50.0,"WIP-Ralu In - TPL","2026-08-08 00:00:00","Nos","Aluminium Coil 0.6*110MM","Tube Sheet Cutting",9.2,"Kg","Tube Sheet Cutting",1,"","","Cut To Length"
"WO/260808/0481","In Process","R215 Fin For RAD 0.2*110*991","BOM-R215 Fin For RAD 0.2*110*991-001",19.0,"WIP-Ralu In - TPL","2026-08-08 00:00:00","Nos","Aluminium Coil 0.2*110","Fin Forming",4.389,"Kg","Fin Forming",1,"","","Fin Forming and Cutting"
"WO/260808/0480","In Process","R215 RAD Core End Plate2.5X110X1021","BOM-R215 RAD Core End Plate2.5X110X1021-001",2.0,"WIP-Ralu In - TPL","2026-08-08 00:00:00","Nos","R215 OC and RAD Core End Plate2.5X110X1021","Sr. No. Punching",2.0,"Nos","Sr. No. Punching",1,"","","Sr. No. Punching"
"WO/260808/0479","In Process","R215 RAD Core","BOM-R215 RAD Core-001",1.0,"WIP-Ralu Weld - TPL","2026-08-08 00:00:00","Nos","R215 RAD Core End Plate2.5X110X1021","Core Assembly",2.0,"Nos","Core Assembly",1,"","","Core Fixing"
"","","","","","","","","Extruded Bar for OC and RAD 3*7*1021","Core Assembly",48.0,"Nos","Core Brazing",2,"","","Brazing Furnace"
"","","","","","","","","R215 Fin For OC 0.3*110*991","Core Assembly",6.0,"Nos","","","","",""
"","","","","","","","","R215 Fin For RAD 0.2*110*991","Core Assembly",19.0,"Nos","","","","",""
"","","","","","","","","Spacer Bar 9.5×15×110","Core Assembly",50.0,"Nos","","","","",""
"","","","","","","","","R215 RAD Tube Sheet 0.6*110*1021","Core Assembly",50.0,"Nos","","","","",""
"","","","","","","","","Turbulator 0.2*250*96.0","Core Assembly",12.0,"Nos","","","","",""
"","","","","","","","","Turbulator 0.2*300*96.0","Core Assembly",72.0,"Nos","","","","",""
"WO/260808/0478","In Process","R215 RAD","BOM-R215 RAD-001",1.0,"WIP-Ralu Weld - TPL","2026-08-08 00:00:00","Nos","R215 RAD Core","Tank To Core",1.0,"Nos","Tank To Core",1,"","","Mig Welding"
"","","","","","","","","Drain Plug","Tank To Core",1.0,"Nos","Angle Assembly",2,"","","Mig Welding"
"","","","","","","","","R215 RAD Bottom Tank Sub Assy","Tank To Core",1.0,"Nos","Leak Testing",3,"","","Leak Test"
"","","","","","","","","R215 RAD Top Tank Sub Assy","Tank To Core",1.0,"Nos","","","","",""
"","","","","","","","","RAD Drain Bush","Tank To Core",1.0,"Nos","","","","",""
"","","","","","","","","R215 Radiator Drain Pipe Od∅10 X 17 Lgx 3","Tank To Core",1.0,"Nos","","","","",""
"WO/260808/0477","In Process","OC Inlet & Outlet Block 101X66X30","BOM-OC Inlet & Outlet Block 101X66X30-001",2.0,"WIP-Ralu Weld - TPL","2026-08-08 00:00:00","Nos","Aluminium Extrusion No 398C-ALU-2-0027 ( 101*66*33 )","Size Cutting",0.974,"Kg","Size Cutting",1,"","","Accurate Cutting"
"","","","","","","","","Helicoil Insert M10 X 1.5 X 15 Mm","Helicoil Insert",8.0,"Nos","Helicoil Insert",2,"","","Helicoil & Tapping"
"WO/260808/0476","In Process","R215 OC Top Tank","BOM-R215 OC Top Tank-001",1.0,"WIP-Ralu Weld - TPL","2026-08-08 00:00:00","Nos","Helicoil Insert M10 X 1.5 X 15 Mm","Helicoil Insert",6.0,"Nos","Helicoil Insert",1,"","","Helicoil & Tapping"
"","","","","","","","","R215 OC Top & Bottom Tank 70x113x7.5x377LG","Helicoil Insert",1.0,"Nos","","","","",""
"WO/260808/0475","In Process","R215 OC Top Tank Sub Assy","BOM-R215 OC Top Tank Sub Assy-001",1.0,"WIP-Ralu Weld - TPL","2026-08-08 00:00:00","Nos","Tank End Plate 96*62*8 For Extrusion No 0073C-ALU-2-0008","Tank Assembly",2.0,"Nos","Tank Assembly",1,"","","Mig Welding"
"","","","","","","","","R215 OC Top Tank","Tank Assembly",1.0,"Nos","","","","",""
"WO/260808/0474","In Process","Tank End Plate 96*62*8 For Extrusion No 0073C-ALU-2-0008","BOM-Tank End Plate 96*62*8 For Extrusion No 0073C-ALU-2-0008-001",4.0,"WIP-Ralu Weld - TPL","2026-08-08 00:00:00","Nos","Aluminium Plate 70*8*800MM","Blanking",0.543555556,"Kg","Blanking",1,"","","Corner Cutting, Punching, Folding and Blanking"
"WO/260808/0473","In Process","R215 OC Top & Bottom Tank 70x113x7.5x377LG","BOM-R215 OC Top & Bottom Tank 70x113x7.5x377LG-001",2.0,"WIP-Ralu Weld - TPL","2026-08-08 00:00:00","Nos","Aluminium Extrusion No 0073C-ALU-2-0008 70(H)*113(W)*7.5(T)*377LG","Size Cutting",6.22,"Kg","Size Cutting",1,"","","Accurate Cutting"
"","","","","","","","","","","","","Drilling & Boring",2,"","","Drilling, Boring and Milling"
"WO/260808/0472","In Process","R215 OC Bottom Tank","BOM-R215 OC Bottom Tank-001",1.0,"WIP-Ralu Weld - TPL","2026-08-08 00:00:00","Nos","R215 OC Top & Bottom Tank 70x113x7.5x377LG","Helicoil Insert",1.0,"Nos","Helicoil Insert",1,"","","Helicoil & Tapping"
"","","","","","","","","Helicoil Insert M10 X 1.5 X 15 Mm","Helicoil Insert",6.0,"Nos","","","","",""
"WO/260808/0471","In Process","R215 OC Bottom Tank Sub Assy","BOM-R215 OC Bottom Tank Sub Assy-001",1.0,"WIP-Ralu Weld - TPL","2026-08-08 00:00:00","Nos","R215 OC Bottom Tank","Tank Assembly",1.0,"Nos","Tank Assembly",1,"","","Mig Welding"
"","","","","","","","","0261Oc-Alu-2-004","Tank Assembly",1.0,"Nos","","","","",""
"","","","","","","","","Tank End Plate 96*62*8 For Extrusion No 0073C-ALU-2-0008","Tank Assembly",2.0,"Nos","","","","",""
"WO/260808/0470","In Process","Turbulator 0.3*300*44.5","BOM-Turbulator 0.3*300*44.5-001",156.0,"WIP-Ralu In - TPL","2026-08-08 00:00:00","Nos","Aluminium Coil 0.3×300MM","Turbu Forming",2.808,"Kg","Turbu Forming",1,"","","Turbulator Forming and Cutting"
"WO/260808/0469","In Process","Turbulator 0.3*250*44.5","BOM-Turbulator 0.3*250*44.5-001",26.0,"WIP-Ralu In - TPL","2026-08-08 00:00:00","Nos","Aluminium Coil 0.3×250MM","Turbu Forming",0.39,"Kg","Turbu Forming",1,"","","Turbulator Forming and Cutting"
"WO/260808/0468","In Process","R215 OC Tube Sheet 0.7*110*1021","BOM-R215 OC Tube Sheet 0.7*110*1021-001",54.0,"WIP-Ralu In - TPL","2026-08-08 00:00:00","Nos","Aluminium Coil 0.7*110","Tube Sheet Cutting",11.61,"Kg","Tube Sheet Cutting",1,"","","Cut To Length"
"WO/260808/0467","In Process","R215 OC Core End Plate 5X165X1021","BOM-R215 OC Core End Plate 5X165X1021-001",1.0,"WIP-RP - TPL","2026-08-08 00:00:00","Nos","Aluminium Sheet 5MM Thk","Shearing",2.3,"Kg","Shearing",1,"","","Shearing Machine"
"WO/260808/0466","In Process","R215 OC Core End Plate 5X140X1021","BOM-R215 OC Core End Plate 5X140X1021-001",1.0,"WIP-RP - TPL","2026-08-08 00:00:00","Nos","R215 OC Core End Plate 5X165X1021","Folding",1.0,"Nos","Folding",1,"","","Corner Cutting, Punching, Folding and Blanking"
"","","","","","","","","","","","","Sr. No. Punching",2,"","","Sr. No. Punching"
"WO/260808/0465","In Process","R215 Fin For OC 0.3*110*991","BOM-R215 Fin For OC 0.3*110*991-001",33.0,"WIP-Ralu In - TPL","2026-08-08 00:00:00","Nos","Aluminium Coil 0.3*110MM","Fin Forming",11.55,"Kg","Fin Forming",1,"","","Fin Forming and Cutting"
"WO/260808/0464","In Process","Extruded Bar for OC and RAD 3*7*1021","BOM-Extruded Bar for OC and RAD 3*7*1021-001",126.0,"WIP-Ralu In - TPL","2026-08-08 00:00:00","Nos","Aluminium Extruded Bar (ALU-STD-0043)(3*7)","Bar Cutting",7.434,"Kg","Bar Cutting",1,"","","Aluminium Bar Cutting"
"WO/260808/0463","In Process","R215 OC and RAD Core End Plate2.5X110X1021","BOM-R215 OC and RAD Core End Plate2.5X110X1021-001",3.0,"WIP-Ralu In - TPL","2026-08-08 00:00:00","Nos","Aluminium Sheet 2.5MM Thk Without Cladded","Shearing",2.301,"Kg","Shearing",1,"","","Shearing Machine"
"WO/260808/0462","In Process","R215 OC Core","BOM-R215 OC Core-001",1.0,"WIP-Ralu Weld - TPL","2026-08-08 00:00:00","Nos","R215 OC and RAD Core End Plate2.5X110X1021","Core Assembly",1.0,"Nos","Core Assembly",1,"","","Core Fixing"
"","","","","","","","","Extruded Bar for OC and RAD 3*7*1021","Core Assembly",78.0,"Nos","Core Brazing",2,"","","Brazing Furnace"
"","","","","","","","","R215 Fin For OC 0.3*110*991","Core Assembly",27.0,"Nos","","","","",""
"","","","","","","","","R215 OC Core End Plate 5X140X1021","Core Assembly",1.0,"Nos","","","","",""
"","","","","","","","","Spacer Bar 9.5×15×110","Core Assembly",54.0,"Nos","","","","",""
"","","","","","","","","R215 OC Tube Sheet 0.7*110*1021","Core Assembly",54.0,"Nos","","","","",""
"","","","","","","","","Turbulator 0.3*250*44.5","Core Assembly",26.0,"Nos","","","","",""
"","","","","","","","","Turbulator 0.3*300*44.5","Core Assembly",156.0,"Nos","","","","",""
"WO/260808/0461","In Process","R215 OC","BOM-R215 OC-001",1.0,"WIP-Ralu Weld - TPL","2026-08-08 00:00:00","Nos","Drain Plug","Tank To Core",1.0,"Nos","Tank To Core",1,"","","Mig Welding"
"","","","","","","","","R215 OC Core","Tank To Core",1.0,"Nos","Angle Assembly",2,"","","Mig Welding"
"","","","","","","","","Rubber Seal","Tank To Core",1.0,"Nos","Leak Testing",3,"","","Leak Test"
"","","","","","","","","R215 OC Bottom Tank Sub Assy","Tank To Core",1.0,"Nos","","","","",""
"","","","","","","","","R215 OC Top Tank Sub Assy","Tank To Core",1.0,"Nos","","","","",""
"","","","","","","","","OC Inlet & Outlet Block 101X66X30","Tank To Core",2.0,"Nos","","","","",""
"","","","","","","","","Condenser Mounting Block 31X19X25","Tank To Core",2.0,"Nos","","","","",""
"","","","","","","","","Stay Block 50X25X150","Tank To Core",1.0,"Nos","","","","",""
"WO/260808/0460","In Process","R215 Ms Plate-1(102X22X1.5)","BOM-R215 Ms Plate-1(102X22X1.5)-001",1.0,"WIP-Ralu Weld - TPL","2026-08-08 00:00:00","Nos","MS - 1.5MM Thk","Shearing",0.026,"Kg","Shearing",1,"","","Shearing Machine"
"","","","","","","","","HEX Nut M8*1.25P","Shearing",1.0,"Nos","Punching",2,"","","Corner Cutting, Punching, Folding and Blanking"
"WO/260808/0459","In Process","R215 Ms Plate-2 (144X22X1.5)","BOM-R215 Ms Plate-2 (144X22X1.5)-001",1.0,"WIP-Ralu Weld - TPL","2026-08-08 00:00:00","Nos","MS - 1.5 MM Thk","Shearing",0.037,"Kg","Shearing",1,"","","Shearing Machine"
"","","","","","","","","HEX Nut M8*1.25P","Shearing",1.0,"Nos","Punching",2,"","","Corner Cutting, Punching, Folding and Blanking"
"WO/260808/0458","In Process","R215 LH – RH Condenser MTG BKT","BOM-R215 LH – RH Condenser MTG BKT-001",1.0,"WIP-Ralu Weld - TPL","2026-08-08 00:00:00","Set","R215 LH – RH Condenser MTG BKT","Painting",1.0,"Set","Painting",1,"","","RA Painting"
"WO/260808/0457","In Process","R215 Fan Cowl","BOM-R215 Fan Cowl-001",1.0,"WIP-Ralu Weld - TPL","2026-08-08 00:00:00","Nos","R215 Fan Cowl","Painting",1.0,"Nos","Painting",1,"","","RA Painting"
"WO/260808/0456","In Process","Cage For M8 Sq Nut 182X50X0.5","BOM-Cage For M8 Sq Nut 182X50X0.5-001",8.0,"WIP-Ralu Weld - TPL","2026-08-08 00:00:00","Nos","GI - 0.5MM Thk","Folding",0.288,"Kg","Folding",1,"","","Corner Cutting, Punching, Folding and Blanking"
"","","","","","","","","SQ Nut M8*1.25P","Folding",8.0,"Nos","","","","",""
"WO/260808/0455","In Process","R215 Top and Bottom Flyscreen Mounting Plate 35X30X2","BOM-R215 Top and Bottom Flyscreen Mounting Plate 35X30X2-001",8.0,"WIP-RA - TPL","2026-08-08 00:00:00","Nos","MS - 2MM Thk","Shearing",0.128,"Kg","Shearing",1,"","","Shearing Machine"
"","","","","","","","","","","","","Punching",2,"","","Corner Cutting, Punching, Folding and Blanking"
"WO/260808/0454","In Process","R215 Bottom Flyscreen Center Plate 453X10X2","BOM-R215 Bottom Flyscreen Center Plate 453X10X2-001",2.0,"WIP-RA - TPL","2026-08-08 00:00:00","Nos","MS - 2MM Thk","Shearing",0.142,"Kg","Shearing",1,"","","Shearing Machine"
"WO/260808/0453","In Process","R215 Bottom Flyscreen Wire Mash 903X475","BOM-R215 Bottom Flyscreen Wire Mash 903X475-001",1.0,"WIP-RA - TPL","2026-08-08 00:00:00","Nos","MS","Rolling & Cutting",0.282,"Kg","Rolling & Cutting",1,"","","Manual Rolling and Cutting"
"WO/260808/0452","In Process","R215 Bottom Flyscreen Assembly","BOM-R215 Bottom Flyscreen Assembly-001",1.0,"WIP-RA - TPL","2026-08-08 00:00:00","Nos","R215 Bottom Flyscreen Wire Mash 903X475","Assembly",1.0,"Nos","Assembly",1,"","","RA Assembly"
"","","","","","","","","U Piece Angle-1 for Flyscreen - 910(L)*15(W)*7(T)","Assembly",2.0,"Nos","Painting",2,"","","RA Painting"
"","","","","","","","","U Piece Angle-2 for Flyscreen - 529(W)*15(H)*7(T)","Assembly",2.0,"Nos","","","","",""
"","","","","","","","","R215 Bottom Flyscreen Center Plate 453X10X2","Assembly",2.0,"Nos","","","","",""
"","","","","","","","","R215 Top and Bottom Flyscreen Mounting Plate 35X30X2","Assembly",4.0,"Nos","","","","",""
"WO/260808/0451","In Process","R215 Bottom Cover Assembly","BOM-R215 Bottom Cover Assembly-001",1.0,"WIP-RA - TPL","2026-08-08 00:00:00","Nos","R215 Bottom Cover Assembly","Painting",1.0,"Nos","Painting",1,"","","RA Painting"
"WO/260808/0450","In Process","Condenser Mounting Block 31X19X25","BOM-Condenser Mounting Block 31X19X25-001",4.0,"WIP-Ralu Weld - TPL","2026-08-08 00:00:00","Nos","Aluminium Extrusion No 0.0318C-ALU-2-0033 (31*19*25)","Size Cutting",1.572,"Kg","Size Cutting",1,"","","Accurate Cutting"
"","","","","","","","","Helicoil Insert M8 X 1.25 X 16Mm (2 D)","Helicoil Insert",4.0,"Nos","Drilling & Boring",2,"","","Drilling, Boring and Milling"
"","","","","","","","","","","","","Helicoil Insert",3,"","","Helicoil & Tapping"
"WO/260808/0449","In Process","Stay Block 50X25X150","BOM-Stay Block 50X25X150-001",2.0,"WIP-Ralu Weld - TPL","2026-08-08 00:00:00","Nos","Aluminium Extrusion No 0.0318C-ALU-2-0034 (50*25*150)","Size Cutting",1.024,"Kg","Size Cutting",1,"","","Accurate Cutting"
"","","","","","","","","Helicoil Insert M 12 X 1.75 X 18Mm","Helicoil Insert",2.0,"Nos","Helicoil Insert",2,"","","Helicoil & Tapping"
"WO/260808/0448","In Process","R215 CAC Bottom Tank","BOM-R215 CAC Bottom Tank-001",1.0,"WIP-Ralu Weld - TPL","2026-08-08 00:00:00","Nos","R215 CAC Top and Bottom Tank 110x113x7.5x186LG","Drilling & Boring",1.0,"Nos","Drilling & Boring",1,"","","Drilling, Boring and Milling"
"","","","","","","","","Helicoil Insert M10 X 1.5 X 15 Mm","Helicoil Insert",4.0,"Nos","Helicoil Insert",2,"","","Helicoil & Tapping"
"WO/260808/0447","In Process","R215 CAC Bottom Tank Sub Assy","BOM-R215 CAC Bottom Tank Sub Assy-001",1.0,"WIP-Ralu Weld - TPL","2026-08-08 00:00:00","Nos","R215 CAC Bottom Tank","Tank Assembly",1.0,"Nos","Tank Assembly",1,"","","Mig Welding"
"","","","","","","","","R215 CAC Inlet and Outlet Pipe","Tank Assembly",1.0,"Nos","","","","",""
"","","","","","","","","Tank End Plate 101.5*96*5 for Extrusion No 0239C-ALU-2-0001","Tank Assembly",2.0,"Nos","","","","",""
"WO/260808/0446","In Process","R215 CAC Top and Bottom Tank 110x113x7.5x186LG","BOM-R215 CAC Top and Bottom Tank 110x113x7.5x186LG-001",2.0,"WIP-Ralu Weld - TPL","2026-08-08 00:00:00","Nos","Aluminium Extrusion No 0239C-ALU-2-0001 110(H)*113(W)*7.5(T)*186Kg","Size Cutting",3.62,"Kg","Size Cutting",1,"","","Accurate Cutting"
"WO/260808/0445","In Process","R215 CAC Top Tank","BOM-R215 CAC Top Tank-001",1.0,"WIP-Ralu Weld - TPL","2026-08-08 00:00:00","Nos","R215 CAC Top and Bottom Tank 110x113x7.5x186LG","Drilling & Boring",1.0,"Nos","Drilling & Boring",1,"","","Drilling, Boring and Milling"
"","","","","","","","","Helicoil Insert M10 X 1.5 X 15 Mm","Helicoil Insert",4.0,"Nos","Helicoil Insert",2,"","","Helicoil & Tapping"
"WO/260808/0444","In Process","R215 CAC Inlet and Outlet Pipe","BOM-R215 CAC Inlet and Outlet Pipe-001",2.0,"WIP-Ralu Weld - TPL","2026-08-08 00:00:00","Nos","Aluminium Pipe ⌀ 76.0*3MM Thk","Pipe Cutting",0.506,"Kg","Pipe Cutting",1,"","","Weld_Manual Cutting"
"WO/260808/0443","Draft","Tank End Plate 110×5*595MM","BOM-Tank End Plate 110×5*595MM-001",0.666,"WIP-RP - TPL","2026-08-08 00:00:00","Nos","Aluminium Plate 110*5*2250MM","Size Cutting",0.595404,"Kg","Size Cutting",1,"","","Accurate Cutting"
"WO/260808/0442","Draft","Tank End Plate 101.5*96*5 for Extrusion No 0239C-ALU-2-0001","BOM-Tank End Plate 101.5*96*5 for Extrusion No 0239C-ALU-2-0001-001",4.0,"WIP-Ralu Weld - TPL","2026-08-08 00:00:00","Nos","Tank End Plate 110×5*595MM","Blanking",0.666666667,"Nos","Blanking",1,"","","Corner Cutting, Punching, Folding and Blanking"
"WO/260808/0441","In Process","R215 CAC Top Tank Sub Assy","BOM-R215 CAC Top Tank Sub Assy-001",1.0,"WIP-Ralu Weld - TPL","2026-08-08 00:00:00","Nos","Tank End Plate 101.5*96*5 for Extrusion No 0239C-ALU-2-0001","Tank Assembly",2.0,"Nos","Tank Assembly",1,"","","Mig Welding"
"","","","","","","","","R215 CAC Inlet and Outlet Pipe","Tank Assembly",1.0,"Nos","","","","",""
"","","","","","","","","R215 CAC Top Tank","Tank Assembly",1.0,"Nos","","","","",""
"WO/260808/0440","In Process","R215 Tube Sheet For CAC 0.6*110*941","BOM-R215 Tube Sheet For CAC 0.6*110*941-001",20.0,"WIP-Ralu In - TPL","2026-08-08 00:00:00","Nos","Aluminium Coil 0.6*110MM","Tube Sheet Cutting",3.4,"Kg","Tube Sheet Cutting",1,"","","Cut To Length"
"WO/260808/0439","In Process","R215 Spacer Bar for CAC 8*10*941","BOM-R215 Spacer Bar for CAC 8*10*941-001",18.0,"WIP-Ralu In - TPL","2026-08-08 00:00:00","Nos","Aluminium Spacer Bar ALU-STD-0028 (8*10)","Bar Cutting",3.708,"Kg","Bar Cutting",1,"","","Aluminium Bar Cutting"
"WO/260808/0438","In Process","Spacer Bar 9.5×15×110","BOM-Spacer Bar 9.5×15×110-001",124.0,"WIP-Ralu In - TPL","2026-08-08 00:00:00","Nos","Aluminium Spacer Bar ( ALU STD 0061 ) ( 9.5*15 )","Bar Cutting",5.332,"Kg","Bar Cutting",1,"","","Aluminium Bar Cutting"
"WO/260808/0437","In Process","Internal Fin For CAC 0.2*200*90","BOM-Internal Fin For CAC 0.2*200*90-001",36.0,"WIP-Ralu In - TPL","2026-08-08 00:00:00","Nos","Aluminium Coil 0.2×200MM","Fin Forming",1.188,"Kg","Fin Forming",1,"","","Fin Forming and Cutting"
"WO/260808/0436","In Process","Internal Fin For CAC 0.2*140*90","BOM-Internal Fin For CAC 0.2*140*90-001",9.0,"WIP-Ralu In - TPL","2026-08-08 00:00:00","Nos","Aluminium Coil 0.2×140","Fin Forming",0.207,"Kg","Fin Forming",1,"","","Fin Forming and Cutting"
"WO/260808/0435","In Process","R215 External Fin For CAC 0.3*110*911","BOM-R215 External Fin For CAC 0.3*110*911-001",4.0,"WIP-Ralu In - TPL","2026-08-08 00:00:00","Nos","Aluminium Coil 0.3*110MM","Fin Forming",1.288,"Kg","Fin Forming",1,"","","Fin Forming and Cutting"
"WO/260808/0434","In Process","R215 External Fin For CAC 0.2*110*911","BOM-R215 External Fin For CAC 0.2*110*911-001",6.0,"WIP-Ralu In - TPL","2026-08-08 00:00:00","Nos","Aluminium Coil 0.2*110","Fin Forming",1.29,"Kg","Fin Forming",1,"","","Fin Forming and Cutting"
"WO/260808/0433","In Process","R215 CAC Core End Plate 5X165X941","BOM-R215 CAC Core End Plate 5X165X941-001",1.0,"WIP-Ralu In - TPL","2026-08-08 00:00:00","Nos","Aluminium Sheet 5MM Thk","Shearing",2.12,"Kg","Shearing",1,"","","Shearing Machine"
"WO/260808/0432","In Process","R215 CAC Core End Plate 5X140X941","BOM-R215 CAC Core End Plate 5X140X941-001",1.0,"WIP-Ralu In - TPL","2026-08-08 00:00:00","Nos","R215 CAC Core End Plate 5X165X941","Folding",1.0,"Nos","Folding",1,"","","Folding"
"","","","","","","","","","","","","Sr. No. Punching",2,"","","Sr. No. Punching"
"WO/260808/0431","In Process","R215 CAC Core End Plate 2.5X110X941","BOM-R215 CAC Core End Plate 2.5X110X941-001",1.0,"WIP-Ralu In - TPL","2026-08-08 00:00:00","Nos","Aluminium Sheet 2.5MM Thk Without Cladded","Shearing",0.706,"Kg","Shearing",1,"","","Shearing Machine"
"WO/260808/0430","In Process","R215 CAC Core","BOM-R215 CAC Core-001",1.0,"WIP-Ralu Weld - TPL","2026-08-08 00:00:00","Nos","R215 CAC Core End Plate 2.5X110X941","Core Assembly",1.0,"Nos","Core Assembly",1,"","","Core Fixing"
"","","","","","","","","R215 CAC Core End Plate 5X140X941","Core Assembly",1.0,"Nos","Core Brazing",2,"","","Brazing Furnace"
"","","","","","","","","R215 External Fin For CAC 0.2*110*911","Core Assembly",6.0,"Nos","","","","",""
"","","","","","","","","R215 External Fin For CAC 0.3*110*911","Core Assembly",4.0,"Nos","","","","",""
"","","","","","","","","Internal Fin For CAC 0.2*140*90","Core Assembly",9.0,"Nos","","","","",""
"","","","","","","","","Internal Fin For CAC 0.2*200*90","Core Assembly",36.0,"Nos","","","","",""
"","","","","","","","","Spacer Bar 9.5×15×110","Core Assembly",20.0,"Nos","","","","",""
"","","","","","","","","R215 Spacer Bar for CAC 8*10*941","Core Assembly",18.0,"Nos","","","","",""
"","","","","","","","","R215 Tube Sheet For CAC 0.6*110*941","Core Assembly",20.0,"Nos","","","","",""
"WO/260808/0429","In Process","R215 CAC","BOM-R215 CAC-001",1.0,"WIP-Ralu Weld - TPL","2026-08-08 00:00:00","Nos","R215 CAC Core","Tank To Core",1.0,"Nos","Tank To Core",1,"","","Mig Welding"
"","","","","","","","","R215 CAC Top Tank Sub Assy","Tank To Core",1.0,"Nos","Angle Assembly",2,"","","Mig Welding"
"","","","","","","","","R215 CAC Bottom Tank Sub Assy","Tank To Core",1.0,"Nos","Leak Testing",3,"","","Leak Test"
"","","","","","","","","Stay Block 50X25X150","Tank To Core",1.0,"Nos","","","","",""
"","","","","","","","","Condenser Mounting Block 31X19X25","Tank To Core",2.0,"Nos","","","","",""
"WO/260808/0428","In Process","R215 Combi Cooler","BOM-R215 Combi Cooler-001",1.0,"Finish Goods Stores - TPL","2026-08-08 00:00:00","Nos","R215 CAC","Assembly",1.0,"Nos","Final Assembly",1,"","","Final Assembly"
"","","","","","","","","R215 Bottom Cover Assembly","Assembly",1.0,"Nos","PDI",2,"","","PDI"
"","","","","","","","","R215 Bottom Flyscreen Assembly","Assembly",1.0,"Nos","","","","",""
"","","","","","","","","Bottom Foam","Assembly",2.0,"Nos","","","","",""
"","","","","","","","","C Clamp Spacer","Assembly",12.0,"Nos","","","","",""
"","","","","","","","","Cage For M8 Sq Nut 182X50X0.5","Assembly",8.0,"Nos","","","","",""
"","","","","","","","","EPDM Drain Hose","Assembly",1.0,"Nos","","","","",""
"","","","","","","","","R215 Fan Cowl","Assembly",1.0,"Nos","","","","",""
"","","","","","","","","R215 Finger Guard","Assembly",1.0,"Nos","","","","",""
"","","","","","","","","Foam for CAC","Assembly",2.0,"Nos","","","","",""
"","","","","","","","","Foam for gap B/W Cooler and F/C","Assembly",2.0,"Nos","","","","",""
"","","","","","","","","Foam for OIL Cooler","Assembly",2.0,"Nos","","","","",""
"","","","","","","","","HEX Head Bolt M8*1.25P*25LG","Assembly",18.0,"Nos","","","","",""
"","","","","","","","","HEX Head Bolt M10*1.5P*30LG","Assembly",28.0,"Nos","","","","",""
"","","","","","","","","Hose Clip","Assembly",1.0,"Nos","","","","",""
"","","","","","","","","R215 LH – RH Condenser MTG BKT","Assembly",1.0,"Set","","","","",""
"","","","","","","","","R215 Ms Plate-2 (144X22X1.5)","Assembly",1.0,"Nos","","","","",""
"","","","","","","","","R215 Ms Plate-1(102X22X1.5)","Assembly",1.0,"Nos","","","","",""
"","","","","","","","","M8 Nuts","Assembly",2.0,"Nos","","","","",""
"","","","","","","","","R215 OC","Assembly",1.0,"Nos","","","","",""
"","","","","","","","","M10 Plain Washer","Assembly",28.0,"Nos","","","","",""
"","","","","","","","","M8 Plain Washer","Assembly",26.0,"Nos","","","","",""
"","","","","","","","","R215 RAD","Assembly",1.0,"Nos","","","","",""
"","","","","","","","","Rivets - 4.8 X 12.5","Assembly",4.0,"Nos","","","","",""
"","","","","","","","","M10 Spring Washer","Assembly",28.0,"Nos","","","","",""
"","","","","","","","","M8 Spring Washer","Assembly",26.0,"Nos","","","","",""
"","","","","","","","","R215 Top Cover Assembly","Assembly",1.0,"Nos","","","","",""
"","","","","","","","","R215 Top Flyscreen Assembly","Assembly",1.0,"Nos","","","","",""
"","","","","","","","","Wing Bolt","Assembly",8.0,"Nos","","","","",""
"","","","","","","","","Pressure Cap","Assembly",1.0,"Nos","","","","",""
"","","","","","","","","Foam","Assembly",1.0,"Set","","","","",""
"","","","","","","","","Protective Cap for CAC","Assembly",2.0,"Nos","","","","",""
"","","","","","","","","Protective cap for OC","Assembly",2.0,"Nos","","","","",""
"","","","","","","","","Protective Cap for Radiator","Assembly",2.0,"Nos","","","","",""
"","","","","","","","","Sticker (Warning)","Assembly",1.0,"Nos","","","","",""
"","","","","","","","","Sticker (Part No)","Assembly",1.0,"Nos","","","","",""
"","","","","","","","","Sticker (Serial No)","Assembly",1.0,"Nos","","","","",""
"","","","","","","","","Nut Cover for Condenser Mounting 43*30.3*1","Assembly",2.0,"Nos","","","","",""
