Bulk Edit Items,,,,,,,,,,,,,,,,,,,,,,,,,,,,,,,,,,,,,,,,,,,,,,,,
Barcode,Has Item Scanned,Source Warehouse,Target Warehouse,Item Code,Item Name,Is Finished Item,Is Scrap Item,Quality Inspection,Subcontracted Item,Description,Item Group,Image,Qty,Qty as per Stock UOM,Retain Sample,UOM,Stock UOM,Conversion Factor,Sample Quantity,Basic Rate (as per Stock UOM),Additional Cost,Valuation Rate,Allow Zero Valuation Rate,Set Basic Rate Manually,Basic Amount,Amount,Use Serial No / Batch Fields,Serial and Batch Bundle,Serial No,Batch No,Difference Account,Cost Center,Project,Actual Qty (at source/target),Transferred Qty,BOM No,Allow Alternative Item,Material Request,Material Request Item,Pick List Item,Original Item,Against Stock Entry,Stock Entry Child,PO Supplied Item,SCO Supplied Item,Putaway Rule,Reference Purchase Receipt,Job Card Item
barcode,has_item_scanned,s_warehouse,t_warehouse,item_code,item_name,is_finished_item,is_scrap_item,quality_inspection,subcontracted_item,description,item_group,image,qty,transfer_qty,retain_sample,uom,stock_uom,conversion_factor,sample_quantity,basic_rate,additional_cost,valuation_rate,allow_zero_valuation_rate,set_basic_rate_manually,basic_amount,amount,use_serial_batch_fields,serial_and_batch_bundle,serial_no,batch_no,expense_account,cost_center,project,actual_qty,transferred_qty,bom_no,allow_alternative_item,material_request,material_request_item,pick_list_item,original_item,against_stock_entry,ste_detail,po_detail,sco_rm_detail,putaway_rule,reference_purchase_receipt,job_card_item
 , , , , , , , , , , , , , , , , , , , , , , , , , , , , , , , , , , , ,BOM No. for a Finished Good Item , ,Material Request used to make this Stock Entry , , , , , , , , , , 
The CSV format is case sensitive,,,,,,,,,,,,,,,,,,,,,,,,,,,,,,,,,,,,,,,,,,,,,,,,
Do not edit headers which are preset in the template,,,,,,,,,,,,,,,,,,,,,,,,,,,,,,,,,,,,,,,,,,,,,,,,
------,,,BOF Stores - TPL,R215 LH – RH Condenser MTG BKT,,,,,,,,,200,,,Set,Set,,,,,1,,,,,,,,,,,,,,,,,,,,,,,,,,
,,,BOF Stores - TPL,Rivets - 4.8 X 12.5,,,,,,,,,800,,,Nos,Nos,,,,,1,,,,,,,,,,,,,,,,,,,,,,,,,,
,,,BOF Stores - TPL,Tank End Plate 70*5*595,,,,,,,,,200,,,Nos,Nos,,,,,1,,,,,,,,,,,,,,,,,,,,,,,,,,
,,,BOF Stores - TPL,0261Oc-Alu-2-004,,,,,,,,,200,,,Nos,Nos,,,,,1,,,,,,,,,,,,,,,,,,,,,,,,,,
,,,Raw Material Stores - TPL,Aluminium Coil 0.2*110,,,,,,,,,1135.8,,,Kg,Kg,,,,,1,,,,,,,,,,,,,,,,,,,,,,,,,,
,,,Raw Material Stores - TPL,Aluminium Coil 0.2×140,,,,,,,,,41.4,,,Kg,Kg,,,,,1,,,,,,,,,,,,,,,,,,,,,,,,,,
,,,Raw Material Stores - TPL,Aluminium Coil 0.2×200MM,,,,,,,,,237.6,,,Kg,Kg,,,,,1,,,,,,,,,,,,,,,,,,,,,,,,,,
,,,Raw Material Stores - TPL,Aluminium Coil 0.2×250 Thk,,,,,,,,,57.6,,,Kg,Kg,,,,,1,,,,,,,,,,,,,,,,,,,,,,,,,,
,,,Raw Material Stores - TPL,Aluminium Coil 0.2×300,,,,,,,,,417.6,,,Kg,Kg,,,,,1,,,,,,,,,,,,,,,,,,,,,,,,,,
,,,Raw Material Stores - TPL,Aluminium Coil 0.3*110MM,,,,,,,,,2567.6,,,Kg,Kg,,,,,1,,,,,,,,,,,,,,,,,,,,,,,,,,
,,,Raw Material Stores - TPL,Aluminium Coil 0.3×250MM,,,,,,,,,78,,,Kg,Kg,,,,,1,,,,,,,,,,,,,,,,,,,,,,,,,,
,,,Raw Material Stores - TPL,Aluminium Coil 0.3×300MM,,,,,,,,,561.6,,,Kg,Kg,,,,,1,,,,,,,,,,,,,,,,,,,,,,,,,,
,,,Raw Material Stores - TPL,Aluminium Coil 0.6*110MM,,,,,,,,,2520,,,Kg,Kg,,,,,1,,,,,,,,,,,,,,,,,,,,,,,,,,
,,,Raw Material Stores - TPL,Aluminium Coil 0.7*110,,,,,,,,,2322,,,Kg,Kg,,,,,1,,,,,,,,,,,,,,,,,,,,,,,,,,
,,,Raw Material Stores - TPL,Aluminium Extruded Bar (ALU-STD-0043)(3*7),,,,,,,,,1486.8,,,Kg,Kg,,,,,1,,,,,,,,,,,,,,,,,,,,,,,,,,
,,,Raw Material Stores - TPL,Aluminium Extrusion No 0.0318C-ALU-2-0033 (31*19*25),,,,,,,,,312,,,Kg,Kg,,,,,1,,,,,,,,,,,,,,,,,,,,,,,,,,
,,,Raw Material Stores - TPL,Aluminium Extrusion No 0.0318C-ALU-2-0033 (31*19*25),,,,,,,,,2.4,,,Kg,Kg,,,,,1,,,,,,,,,,,,,,,,,,,,,,,,,,
,,,Raw Material Stores - TPL,Aluminium Extrusion No 0.0318C-ALU-2-0034 (50*25*150),,,,,,,,,204.8,,,Kg,Kg,,,,,1,,,,,,,,,,,,,,,,,,,,,,,,,,
,,,Raw Material Stores - TPL,Aluminium Extrusion No 0073C-ALU-2-0008 70(H)*113(W)*7.5(T)*377LG,,,,,,,,,1244,,,Kg,Kg,,,,,1,,,,,,,,,,,,,,,,,,,,,,,,,,
,,,Raw Material Stores - TPL,Aluminium Extrusion No 0239C-ALU-2-0001 110(H)*113(W)*7.5(T)*186Kg,,,,,,,,,724,,,Kg,Kg,,,,,1,,,,,,,,,,,,,,,,,,,,,,,,,,
,,,Raw Material Stores - TPL,Aluminium Extrusion No 0253OC-ALU-2-0005 70(H)*113(W)*7.5(T)*345LG,,,,,,,,,980,,,Kg,Kg,,,,,1,,,,,,,,,,,,,,,,,,,,,,,,,,
,,,Raw Material Stores - TPL,Aluminium Extrusion No 398C-ALU-2-0027 ( 101*66*33 ),,,,,,,,,194.8,,,Kg,Kg,,,,,1,,,,,,,,,,,,,,,,,,,,,,,,,,
,,,Raw Material Stores - TPL,Aluminium Pipe ⌀ 76.0*3MM Thk,,,,,,,,,101.2,,,Kg,Kg,,,,,1,,,,,,,,,,,,,,,,,,,,,,,,,,
,,,Raw Material Stores - TPL,Aluminium Pipe 48.6*5MM Thk,,,,,,,,,72,,,Kg,Kg,,,,,1,,,,,,,,,,,,,,,,,,,,,,,,,,
,,,Raw Material Stores - TPL,Aluminium Pipe OD⌀10*ID⌀6*17L,,,,,,,,,0.4,,,Kg,Kg,,,,,1,,,,,,,,,,,,,,,,,,,,,,,,,,
,,,Raw Material Stores - TPL,Aluminium Plate 110*5*2250MM,,,,,,,,,119.2,,,Kg,Kg,,,,,1,,,,,,,,,,,,,,,,,,,,,,,,,,
,,,Raw Material Stores - TPL,Aluminium Plate 70*8*800MM,,,,,,,,,108.8,,,Kg,Kg,,,,,1,,,,,,,,,,,,,,,,,,,,,,,,,,
,,,Raw Material Stores - TPL,Aluminium Sheet 2.5MM Thk Without Cladded,,,,,,,,,601.4,,,Kg,Kg,,,,,1,,,,,,,,,,,,,,,,,,,,,,,,,,
,,,Raw Material Stores - TPL,Aluminium Sheet 5MM Thk,,,,,,,,,884,,,Kg,Kg,,,,,1,,,,,,,,,,,,,,,,,,,,,,,,,,
,,,Raw Material Stores - TPL,Aluminium Spacer Bar ( ALU STD 0061 ) ( 9.5*15 ),,,,,,,,,1066.4,,,Kg,Kg,,,,,1,,,,,,,,,,,,,,,,,,,,,,,,,,
,,,Raw Material Stores - TPL,Aluminium Spacer Bar ALU-STD-0028 (8*10),,,,,,,,,741.6,,,Kg,Kg,,,,,1,,,,,,,,,,,,,,,,,,,,,,,,,,
,,,BOF Stores - TPL,Bottom Foam,,,,,,,,,400,,,Nos,Nos,,,,,1,,,,,,,,,,,,,,,,,,,,,,,,,,
,,,BOF Stores - TPL,C Clamp Spacer,,,,,,,,,2400,,,Nos,Nos,,,,,1,,,,,,,,,,,,,,,,,,,,,,,,,,
,,,BOF Stores - TPL,Drain Plug,,,,,,,,,400,,,Nos,Nos,,,,,1,,,,,,,,,,,,,,,,,,,,,,,,,,
,,,BOF Stores - TPL,EPDM Drain Hose,,,,,,,,,200,,,Nos,Nos,,,,,1,,,,,,,,,,,,,,,,,,,,,,,,,,
,,,BOF Stores - TPL,Filler Neck 14PSI,,,,,,,,,200,,,Nos,Nos,,,,,1,,,,,,,,,,,,,,,,,,,,,,,,,,
,,,BOF Stores - TPL,Filler Neck Over Flow Pipe,,,,,,,,,200,,,Nos,Nos,,,,,1,,,,,,,,,,,,,,,,,,,,,,,,,,
,,,BOF Stores - TPL,Foam,,,,,,,,,200,,,Set,Set,,,,,1,,,,,,,,,,,,,,,,,,,,,,,,,,
,,,BOF Stores - TPL,Foam for CAC,,,,,,,,,400,,,Nos,Nos,,,,,1,,,,,,,,,,,,,,,,,,,,,,,,,,
,,,BOF Stores - TPL,Foam for gap B/W Cooler and F/C,,,,,,,,,400,,,Nos,Nos,,,,,1,,,,,,,,,,,,,,,,,,,,,,,,,,
,,,BOF Stores - TPL,Foam for OIL Cooler,,,,,,,,,400,,,Nos,Nos,,,,,1,,,,,,,,,,,,,,,,,,,,,,,,,,
,,,Raw Material Stores - TPL,GI - 0.5MM Thk,,,,,,,,,57.6,,,Kg,Kg,,,,,1,,,,,,,,,,,,,,,,,,,,,,,,,,
,,,BOF Stores - TPL,Helicoil Insert M 12 X 1.75 X 18Mm,,,,,,,,,400,,,Nos,Nos,,,,,1,,,,,,,,,,,,,,,,,,,,,,,,,,
,,,BOF Stores - TPL,Helicoil Insert M10 X 1.5 X 15 Mm,,,,,,,,,7200,,,Nos,Nos,,,,,1,,,,,,,,,,,,,,,,,,,,,,,,,,
,,,BOF Stores - TPL,Helicoil Insert M8 X 1.25 X 16Mm (2 D),,,,,,,,,800,,,Nos,Nos,,,,,1,,,,,,,,,,,,,,,,,,,,,,,,,,
,,,BOF Stores - TPL,HEX Head Bolt M10*1.5P*30LG,,,,,,,,,5600,,,Nos,Nos,,,,,1,,,,,,,,,,,,,,,,,,,,,,,,,,
,,,BOF Stores - TPL,HEX Head Bolt M8*1.25P*25LG,,,,,,,,,3600,,,Nos,Nos,,,,,1,,,,,,,,,,,,,,,,,,,,,,,,,,
,,,BOF Stores - TPL,HEX Nut M8*1.25P,,,,,,,,,400,,,Nos,Nos,,,,,1,,,,,,,,,,,,,,,,,,,,,,,,,,
,,,BOF Stores - TPL,Hose Clip,,,,,,,,,200,,,Nos,Nos,,,,,1,,,,,,,,,,,,,,,,,,,,,,,,,,
,,,BOF Stores - TPL,M10 Plain Washer,,,,,,,,,5600,,,Nos,Nos,,,,,1,,,,,,,,,,,,,,,,,,,,,,,,,,
,,,BOF Stores - TPL,M10 Spring Washer,,,,,,,,,5600,,,Nos,Nos,,,,,1,,,,,,,,,,,,,,,,,,,,,,,,,,
,,,BOF Stores - TPL,M8 Nuts,,,,,,,,,400,,,Nos,Nos,,,,,1,,,,,,,,,,,,,,,,,,,,,,,,,,
,,,BOF Stores - TPL,M8 Plain Washer,,,,,,,,,5200,,,Nos,Nos,,,,,1,,,,,,,,,,,,,,,,,,,,,,,,,,
,,,BOF Stores - TPL,M8 Spring Washer,,,,,,,,,5200,,,Nos,Nos,,,,,1,,,,,,,,,,,,,,,,,,,,,,,,,,
,,,Raw Material Stores - TPL,MS,,,,,,,,,122.4,,,Kg,Kg,,,,,1,,,,,,,,,,,,,,,,,,,,,,,,,,
,,,Raw Material Stores - TPL,MS - 1 MM Thk,,,,,,,,,46.8,,,Kg,Kg,,,,,1,,,,,,,,,,,,,,,,,,,,,,,,,,
,,,Raw Material Stores - TPL,MS - 1.5 MM Thk,,,,,,,,,7.4,,,Kg,Kg,,,,,1,,,,,,,,,,,,,,,,,,,,,,,,,,
,,,Raw Material Stores - TPL,MS - 1.5MM Thk,,,,,,,,,5.2,,,Kg,Kg,,,,,1,,,,,,,,,,,,,,,,,,,,,,,,,,
,,,Raw Material Stores - TPL,MS - 2MM Thk,,,,,,,,,54,,,Kg,Kg,,,,,1,,,,,,,,,,,,,,,,,,,,,,,,,,
,,,BOF Stores - TPL,Pressure Cap,,,,,,,,,200,,,Nos,Nos,,,,,1,,,,,,,,,,,,,,,,,,,,,,,,,,
,,,BOF Stores - TPL,Protective Cap for CAC,,,,,,,,,400,,,Nos,Nos,,,,,1,,,,,,,,,,,,,,,,,,,,,,,,,,
,,,BOF Stores - TPL,Protective cap for OC,,,,,,,,,400,,,Nos,Nos,,,,,1,,,,,,,,,,,,,,,,,,,,,,,,,,
,,,BOF Stores - TPL,Protective Cap for Radiator,,,,,,,,,400,,,Nos,Nos,,,,,1,,,,,,,,,,,,,,,,,,,,,,,,,,
,,,BOF Stores - TPL,R215 Bottom Cover Assembly,,,,,,,,,200,,,Nos,Nos,,,,,1,,,,,,,,,,,,,,,,,,,,,,,,,,
,,,BOF Stores - TPL,R215 Fan Cowl,,,,,,,,,200,,,Nos,Nos,,,,,1,,,,,,,,,,,,,,,,,,,,,,,,,,
,,,BOF Stores - TPL,R215 Finger Guard,,,,,,,,,200,,,Nos,Nos,,,,,1,,,,,,,,,,,,,,,,,,,,,,,,,,
,,,BOF Stores - TPL,R215 Top Cover Assembly,,,,,,,,,200,,,Nos,Nos,,,,,1,,,,,,,,,,,,,,,,,,,,,,,,,,
,,,BOF Stores - TPL,RAD Drain Bush,,,,,,,,,200,,,Nos,Nos,,,,,1,,,,,,,,,,,,,,,,,,,,,,,,,,
,,,BOF Stores - TPL,Rubber Seal,,,,,,,,,200,,,Nos,Nos,,,,,1,,,,,,,,,,,,,,,,,,,,,,,,,,
,,,BOF Stores - TPL,SQ Nut M8*1.25P,,,,,,,,,1600,,,Nos,Nos,,,,,1,,,,,,,,,,,,,,,,,,,,,,,,,,
,,,BOF Stores - TPL,Sticker (Part No),,,,,,,,,200,,,Nos,Nos,,,,,1,,,,,,,,,,,,,,,,,,,,,,,,,,
,,,BOF Stores - TPL,Sticker (Serial No),,,,,,,,,200,,,Nos,Nos,,,,,1,,,,,,,,,,,,,,,,,,,,,,,,,,
,,,BOF Stores - TPL,Sticker (Warning),,,,,,,,,200,,,Nos,Nos,,,,,1,,,,,,,,,,,,,,,,,,,,,,,,,,
,,,BOF Stores - TPL,U Piece Angle-1 for Flyscreen - 910(L)*15(W)*7(T),,,,,,,,,800,,,Nos,Nos,,,,,1,,,,,,,,,,,,,,,,,,,,,,,,,,
,,,BOF Stores - TPL,U Piece Angle-2 for Flyscreen - 529(W)*15(H)*7(T),,,,,,,,,800,,,Nos,Nos,,,,,1,,,,,,,,,,,,,,,,,,,,,,,,,,
,,,BOF Stores - TPL,Wing Bolt,,,,,,,,,1600,,,Nos,Nos,,,,,1,,,,,,,,,,,,,,,,,,,,,,,,,,
